zona,area,sottoarea,categoria,data,vendite
10,26,67,1,2016-05-20,3
10,26,67,2,2016-05-20,1
10,26,67,1,2016-05-21,0
10,26,67,2,2016-05-21,0
10,26,67,1,2016-05-22,0
10,26,67,2,2016-05-22,0
10,26,67,1,2016-05-23,3
10,26,67,2,2016-05-23,1
10,26,67,1,2016-05-24,3
10,26,67,2,2016-05-24,1
10,26,67,1,2016-05-25,3
10,26,67,2,2016-05-25,1
10,26,67,1,2016-05-26,3
10,26,67,2,2016-05-26,1
10,26,67,1,2016-05-27,3
10,26,67,2,2016-05-27,1
10,26,67,1,2016-05-28,0
10,26,67,2,2016-05-28,0
10,26,67,1,2016-05-29,0
10,26,67,2,2016-05-29,0
15,41,89,1,2016-05-20,2
15,41,89,2,2016-05-20,2
15,41,89,1,2016-05-21,0
15,41,89,2,2016-05-21,1
15,41,89,1,2016-05-22,0
15,41,89,2,2016-05-22,1
15,41,89,1,2016-05-23,2
15,41,89,2,2016-05-23,1
15,41,89,1,2016-05-24,2
15,41,89,2,2016-05-24,2
15,41,89,1,2016-05-25,2
15,41,89,2,2016-05-25,2
15,41,89,1,2016-05-26,2
15,41,89,2,2016-05-26,2
15,41,89,1,2016-05-27,2
15,41,89,2,2016-05-27,2
15,41,89,1,2016-05-28,0
15,41,89,2,2016-05-28,1
15,41,89,1,2016-05-29,0
15,41,89,2,2016-05-29,1
13,34,65,1,2016-05-20,0
13,34,65,2,2016-05-20,1
13,34,65,1,2016-05-21,0
13,34,65,2,2016-05-21,0
13,34,65,1,2016-05-22,0
13,34,65,2,2016-05-22,0
13,34,65,1,2016-05-23,0
13,34,65,2,2016-05-23,0
13,34,65,1,2016-05-24,0
13,34,65,2,2016-05-24,0
13,34,65,1,2016-05-25,0
13,34,65,2,2016-05-25,0
13,34,65,1,2016-05-26,0
13,34,65,2,2016-05-26,1
13,34,65,1,2016-05-27,0
13,34,65,2,2016-05-27,1
13,34,65,1,2016-05-28,0
13,34,65,2,2016-05-28,0
13,34,65,1,2016-05-29,0
13,34,65,2,2016-05-29,0
27,73,143,1,2016-05-20,1
27,73,143,2,2016-05-20,1
27,73,143,1,2016-05-21,0
27,73,143,2,2016-05-21,0
27,73,143,1,2016-05-22,0
27,73,143,2,2016-05-22,0
27,73,143,1,2016-05-23,2
27,73,143,2,2016-05-23,0
27,73,143,1,2016-05-24,1
27,73,143,2,2016-05-24,0
27,73,143,1,2016-05-25,2
27,73,143,2,2016-05-25,1
27,73,143,1,2016-05-26,2
27,73,143,2,2016-05-26,1
27,73,143,1,2016-05-27,1
27,73,143,2,2016-05-27,1
27,73,143,1,2016-05-28,0
27,73,143,2,2016-05-28,0
27,73,143,1,2016-05-29,0
27,73,143,2,2016-05-29,0
5,11,105,1,2016-05-20,7
5,11,105,2,2016-05-20,7
5,11,105,1,2016-05-21,0
5,11,105,2,2016-05-21,4
5,11,105,1,2016-05-22,0
5,11,105,2,2016-05-22,3
5,11,105,1,2016-05-23,7
5,11,105,2,2016-05-23,5
5,11,105,1,2016-05-24,7
5,11,105,2,2016-05-24,6
5,11,105,1,2016-05-25,8
5,11,105,2,2016-05-25,6
5,11,105,1,2016-05-26,7
5,11,105,2,2016-05-26,6
5,11,105,1,2016-05-27,7
5,11,105,2,2016-05-27,6
5,11,105,1,2016-05-28,0
5,11,105,2,2016-05-28,4
5,11,105,1,2016-05-29,0
5,11,105,2,2016-05-29,2
27,73,141,1,2016-05-20,2
27,73,141,2,2016-05-20,1
27,73,141,1,2016-05-21,0
27,73,141,2,2016-05-21,1
27,73,141,1,2016-05-22,0
27,73,141,2,2016-05-22,0
27,73,141,1,2016-05-23,2
27,73,141,2,2016-05-23,1
27,73,141,1,2016-05-24,2
27,73,141,2,2016-05-24,1
27,73,141,1,2016-05-25,2
27,73,141,2,2016-05-25,1
27,73,141,1,2016-05-26,2
27,73,141,2,2016-05-26,2
27,73,141,1,2016-05-27,2
27,73,141,2,2016-05-27,2
27,73,141,1,2016-05-28,0
27,73,141,2,2016-05-28,1
27,73,141,1,2016-05-29,0
27,73,141,2,2016-05-29,0
5,9,81,1,2016-05-20,3
5,9,81,2,2016-05-20,3
5,9,81,1,2016-05-21,0
5,9,81,2,2016-05-21,2
5,9,81,1,2016-05-22,0
5,9,81,2,2016-05-22,1
5,9,81,1,2016-05-23,3
5,9,81,2,2016-05-23,2
5,9,81,1,2016-05-24,3
5,9,81,2,2016-05-24,3
5,9,81,1,2016-05-25,3
5,9,81,2,2016-05-25,3
5,9,81,1,2016-05-26,3
5,9,81,2,2016-05-26,3
5,9,81,1,2016-05-27,3
5,9,81,2,2016-05-27,3
5,9,81,1,2016-05-28,0
5,9,81,2,2016-05-28,2
5,9,81,1,2016-05-29,0
5,9,81,2,2016-05-29,1
11,30,83,1,2016-05-20,3
11,30,83,2,2016-05-20,3
11,30,83,1,2016-05-21,0
11,30,83,2,2016-05-21,1
11,30,83,1,2016-05-22,0
11,30,83,2,2016-05-22,0
11,30,83,1,2016-05-23,3
11,30,83,2,2016-05-23,2
11,30,83,1,2016-05-24,3
11,30,83,2,2016-05-24,2
11,30,83,1,2016-05-25,3
11,30,83,2,2016-05-25,2
11,30,83,1,2016-05-26,3
11,30,83,2,2016-05-26,3
11,30,83,1,2016-05-27,3
11,30,83,2,2016-05-27,3
11,30,83,1,2016-05-28,0
11,30,83,2,2016-05-28,1
11,30,83,1,2016-05-29,0
11,30,83,2,2016-05-29,0
15,39,85,1,2016-05-20,1
15,39,85,2,2016-05-20,2
15,39,85,1,2016-05-21,0
15,39,85,2,2016-05-21,1
15,39,85,1,2016-05-22,0
15,39,85,2,2016-05-22,0
15,39,85,1,2016-05-23,2
15,39,85,2,2016-05-23,1
15,39,85,1,2016-05-24,1
15,39,85,2,2016-05-24,1
15,39,85,1,2016-05-25,1
15,39,85,2,2016-05-25,1
15,39,85,1,2016-05-26,1
15,39,85,2,2016-05-26,2
15,39,85,1,2016-05-27,1
15,39,85,2,2016-05-27,2
15,39,85,1,2016-05-28,0
15,39,85,2,2016-05-28,1
15,39,85,1,2016-05-29,0
15,39,85,2,2016-05-29,0
27,74,145,1,2016-05-20,6
27,74,145,2,2016-05-20,3
27,74,145,1,2016-05-21,0
27,74,145,2,2016-05-21,1
27,74,145,1,2016-05-22,0
27,74,145,2,2016-05-22,0
27,74,145,1,2016-05-23,6
27,74,145,2,2016-05-23,3
27,74,145,1,2016-05-24,6
27,74,145,2,2016-05-24,3
27,74,145,1,2016-05-25,7
27,74,145,2,2016-05-25,4
27,74,145,1,2016-05-26,7
27,74,145,2,2016-05-26,4
27,74,145,1,2016-05-27,7
27,74,145,2,2016-05-27,4
27,74,145,1,2016-05-28,0
27,74,145,2,2016-05-28,1
27,74,145,1,2016-05-29,0
27,74,145,2,2016-05-29,0
15,39,87,1,2016-05-20,2
15,39,87,2,2016-05-20,2
15,39,87,1,2016-05-21,0
15,39,87,2,2016-05-21,1
15,39,87,1,2016-05-22,0
15,39,87,2,2016-05-22,0
15,39,87,1,2016-05-23,2
15,39,87,2,2016-05-23,1
15,39,87,1,2016-05-24,2
15,39,87,2,2016-05-24,1
15,39,87,1,2016-05-25,2
15,39,87,2,2016-05-25,1
15,39,87,1,2016-05-26,2
15,39,87,2,2016-05-26,2
15,39,87,1,2016-05-27,2
15,39,87,2,2016-05-27,2
15,39,87,1,2016-05-28,0
15,39,87,2,2016-05-28,1
15,39,87,1,2016-05-29,0
15,39,87,2,2016-05-29,0
20,56,103,1,2016-05-20,2
20,56,103,2,2016-05-20,2
20,56,103,1,2016-05-21,0
20,56,103,2,2016-05-21,1
20,56,103,1,2016-05-22,0
20,56,103,2,2016-05-22,0
20,56,103,1,2016-05-23,2
20,56,103,2,2016-05-23,1
20,56,103,1,2016-05-24,2
20,56,103,2,2016-05-24,2
20,56,103,1,2016-05-25,2
20,56,103,2,2016-05-25,2
20,56,103,1,2016-05-26,2
20,56,103,2,2016-05-26,2
20,56,103,1,2016-05-27,2
20,56,103,2,2016-05-27,2
20,56,103,1,2016-05-28,0
20,56,103,2,2016-05-28,1
20,56,103,1,2016-05-29,0
20,56,103,2,2016-05-29,0
17,47,101,1,2016-05-20,2
17,47,101,2,2016-05-20,3
17,47,101,1,2016-05-21,0
17,47,101,2,2016-05-21,1
17,47,101,1,2016-05-22,0
17,47,101,2,2016-05-22,0
17,47,101,1,2016-05-23,3
17,47,101,2,2016-05-23,1
17,47,101,1,2016-05-24,3
17,47,101,2,2016-05-24,2
17,47,101,1,2016-05-25,3
17,47,101,2,2016-05-25,2
17,47,101,1,2016-05-26,3
17,47,101,2,2016-05-26,2
17,47,101,1,2016-05-27,3
17,47,101,2,2016-05-27,2
17,47,101,1,2016-05-28,0
17,47,101,2,2016-05-28,1
17,47,101,1,2016-05-29,0
17,47,101,2,2016-05-29,0
21,59,121,1,2016-05-20,6
21,59,121,2,2016-05-20,4
21,59,121,1,2016-05-21,0
21,59,121,2,2016-05-21,3
21,59,121,1,2016-05-22,0
21,59,121,2,2016-05-22,1
21,59,121,1,2016-05-23,6
21,59,121,2,2016-05-23,3
21,59,121,1,2016-05-24,6
21,59,121,2,2016-05-24,4
21,59,121,1,2016-05-25,6
21,59,121,2,2016-05-25,4
21,59,121,1,2016-05-26,6
21,59,121,2,2016-05-26,5
21,59,121,1,2016-05-27,7
21,59,121,2,2016-05-27,5
21,59,121,1,2016-05-28,1
21,59,121,2,2016-05-28,2
21,59,121,1,2016-05-29,0
21,59,121,2,2016-05-29,2
23,62,123,1,2016-05-20,2
23,62,123,2,2016-05-20,2
23,62,123,1,2016-05-21,0
23,62,123,2,2016-05-21,1
23,62,123,1,2016-05-22,0
23,62,123,2,2016-05-22,0
23,62,123,1,2016-05-23,3
23,62,123,2,2016-05-23,2
23,62,123,1,2016-05-24,3
23,62,123,2,2016-05-24,2
23,62,123,1,2016-05-25,3
23,62,123,2,2016-05-25,2
23,62,123,1,2016-05-26,3
23,62,123,2,2016-05-26,2
23,62,123,1,2016-05-27,2
23,62,123,2,2016-05-27,2
23,62,123,1,2016-05-28,0
23,62,123,2,2016-05-28,1
23,62,123,1,2016-05-29,0
23,62,123,2,2016-05-29,0
14,35,70,1,2016-05-20,3
14,35,70,2,2016-05-20,0
14,35,70,1,2016-05-21,0
14,35,70,2,2016-05-21,0
14,35,70,1,2016-05-22,0
14,35,70,2,2016-05-22,0
14,35,70,1,2016-05-23,3
14,35,70,2,2016-05-23,0
14,35,70,1,2016-05-24,3
14,35,70,2,2016-05-24,0
14,35,70,1,2016-05-25,3
14,35,70,2,2016-05-25,0
14,35,70,1,2016-05-26,3
14,35,70,2,2016-05-26,0
14,35,70,1,2016-05-27,3
14,35,70,2,2016-05-27,0
14,35,70,1,2016-05-28,0
14,35,70,2,2016-05-28,0
14,35,70,1,2016-05-29,0
14,35,70,2,2016-05-29,0
18,48,109,1,2016-05-20,5
18,48,109,2,2016-05-20,2
18,48,109,1,2016-05-21,0
18,48,109,2,2016-05-21,1
18,48,109,1,2016-05-22,0
18,48,109,2,2016-05-22,0
18,48,109,1,2016-05-23,5
18,48,109,2,2016-05-23,1
18,48,109,1,2016-05-24,5
18,48,109,2,2016-05-24,2
18,48,109,1,2016-05-25,5
18,48,109,2,2016-05-25,2
18,48,109,1,2016-05-26,5
18,48,109,2,2016-05-26,2
18,48,109,1,2016-05-27,5
18,48,109,2,2016-05-27,2
18,48,109,1,2016-05-28,0
18,48,109,2,2016-05-28,0
18,48,109,1,2016-05-29,0
18,48,109,2,2016-05-29,0
24,65,129,1,2016-05-20,7
24,65,129,2,2016-05-20,3
24,65,129,1,2016-05-21,0
24,65,129,2,2016-05-21,1
24,65,129,1,2016-05-22,0
24,65,129,2,2016-05-22,0
24,65,129,1,2016-05-23,7
24,65,129,2,2016-05-23,2
24,65,129,1,2016-05-24,7
24,65,129,2,2016-05-24,3
24,65,129,1,2016-05-25,7
24,65,129,2,2016-05-25,3
24,65,129,1,2016-05-26,7
24,65,129,2,2016-05-26,3
24,65,129,1,2016-05-27,7
24,65,129,2,2016-05-27,3
24,65,129,1,2016-05-28,0
24,65,129,2,2016-05-28,1
24,65,129,1,2016-05-29,0
24,65,129,2,2016-05-29,0
16,42,4,1,2016-05-20,4
16,42,4,2,2016-05-20,2
16,42,4,1,2016-05-21,0
16,42,4,2,2016-05-21,1
16,42,4,1,2016-05-22,0
16,42,4,2,2016-05-22,0
16,42,4,1,2016-05-23,4
16,42,4,2,2016-05-23,1
16,42,4,1,2016-05-24,4
16,42,4,2,2016-05-24,2
16,42,4,1,2016-05-25,4
16,42,4,2,2016-05-25,2
16,42,4,1,2016-05-26,4
16,42,4,2,2016-05-26,2
16,42,4,1,2016-05-27,4
16,42,4,2,2016-05-27,2
16,42,4,1,2016-05-28,0
16,42,4,2,2016-05-28,1
16,42,4,1,2016-05-29,0
16,42,4,2,2016-05-29,0
4,8,38,1,2016-05-20,1
4,8,38,2,2016-05-20,1
4,8,38,1,2016-05-21,0
4,8,38,2,2016-05-21,0
4,8,38,1,2016-05-22,0
4,8,38,2,2016-05-22,0
4,8,38,1,2016-05-23,2
4,8,38,2,2016-05-23,1
4,8,38,1,2016-05-24,1
4,8,38,2,2016-05-24,1
4,8,38,1,2016-05-25,1
4,8,38,2,2016-05-25,1
4,8,38,1,2016-05-26,1
4,8,38,2,2016-05-26,1
4,8,38,1,2016-05-27,1
4,8,38,2,2016-05-27,1
4,8,38,1,2016-05-28,0
4,8,38,2,2016-05-28,0
4,8,38,1,2016-05-29,0
4,8,38,2,2016-05-29,0
1,1,6,1,2016-05-20,0
1,1,6,2,2016-05-20,0
1,1,6,1,2016-05-21,0
1,1,6,2,2016-05-21,0
1,1,6,1,2016-05-22,0
1,1,6,2,2016-05-22,0
1,1,6,1,2016-05-23,0
1,1,6,2,2016-05-23,0
1,1,6,1,2016-05-24,0
1,1,6,2,2016-05-24,0
1,1,6,1,2016-05-25,0
1,1,6,2,2016-05-25,0
1,1,6,1,2016-05-26,0
1,1,6,2,2016-05-26,0
1,1,6,1,2016-05-27,0
1,1,6,2,2016-05-27,0
1,1,6,1,2016-05-28,0
1,1,6,2,2016-05-28,0
1,1,6,1,2016-05-29,0
1,1,6,2,2016-05-29,0
6,13,50,1,2016-05-20,7
6,13,50,2,2016-05-20,7
6,13,50,1,2016-05-21,0
6,13,50,2,2016-05-21,4
6,13,50,1,2016-05-22,0
6,13,50,2,2016-05-22,3
6,13,50,1,2016-05-23,7
6,13,50,2,2016-05-23,5
6,13,50,1,2016-05-24,7
6,13,50,2,2016-05-24,6
6,13,50,1,2016-05-25,7
6,13,50,2,2016-05-25,6
6,13,50,1,2016-05-26,7
6,13,50,2,2016-05-26,6
6,13,50,1,2016-05-27,7
6,13,50,2,2016-05-27,6
6,13,50,1,2016-05-28,0
6,13,50,2,2016-05-28,4
6,13,50,1,2016-05-29,0
6,13,50,2,2016-05-29,2
8,19,54,1,2016-05-20,2
8,19,54,2,2016-05-20,1
8,19,54,1,2016-05-21,0
8,19,54,2,2016-05-21,1
8,19,54,1,2016-05-22,0
8,19,54,2,2016-05-22,0
8,19,54,1,2016-05-23,2
8,19,54,2,2016-05-23,0
8,19,54,1,2016-05-24,2
8,19,54,2,2016-05-24,1
8,19,54,1,2016-05-25,2
8,19,54,2,2016-05-25,1
8,19,54,1,2016-05-26,2
8,19,54,2,2016-05-26,1
8,19,54,1,2016-05-27,2
8,19,54,2,2016-05-27,1
8,19,54,1,2016-05-28,0
8,19,54,2,2016-05-28,0
8,19,54,1,2016-05-29,0
8,19,54,2,2016-05-29,0
21,57,2,1,2016-05-20,4
21,57,2,2,2016-05-20,3
21,57,2,1,2016-05-21,0
21,57,2,2,2016-05-21,1
21,57,2,1,2016-05-22,0
21,57,2,2,2016-05-22,0
21,57,2,1,2016-05-23,4
21,57,2,2,2016-05-23,2
21,57,2,1,2016-05-24,4
21,57,2,2,2016-05-24,2
21,57,2,1,2016-05-25,4
21,57,2,2,2016-05-25,2
21,57,2,1,2016-05-26,4
21,57,2,2,2016-05-26,3
21,57,2,1,2016-05-27,4
21,57,2,2,2016-05-27,3
21,57,2,1,2016-05-28,0
21,57,2,2,2016-05-28,1
21,57,2,1,2016-05-29,0
21,57,2,2,2016-05-29,0
1,2,8,1,2016-05-20,4
1,2,8,2,2016-05-20,2
1,2,8,1,2016-05-21,0
1,2,8,2,2016-05-21,1
1,2,8,1,2016-05-22,0
1,2,8,2,2016-05-22,0
1,2,8,1,2016-05-23,4
1,2,8,2,2016-05-23,2
1,2,8,1,2016-05-24,4
1,2,8,2,2016-05-24,3
1,2,8,1,2016-05-25,4
1,2,8,2,2016-05-25,2
1,2,8,1,2016-05-26,4
1,2,8,2,2016-05-26,2
1,2,8,1,2016-05-27,4
1,2,8,2,2016-05-27,2
1,2,8,1,2016-05-28,0
1,2,8,2,2016-05-28,1
1,2,8,1,2016-05-29,0
1,2,8,2,2016-05-29,0
2,3,16,1,2016-05-20,5
2,3,16,2,2016-05-20,4
2,3,16,1,2016-05-21,0
2,3,16,2,2016-05-21,1
2,3,16,1,2016-05-22,0
2,3,16,2,2016-05-22,0
2,3,16,1,2016-05-23,5
2,3,16,2,2016-05-23,2
2,3,16,1,2016-05-24,5
2,3,16,2,2016-05-24,3
2,3,16,1,2016-05-25,5
2,3,16,2,2016-05-25,3
2,3,16,1,2016-05-26,5
2,3,16,2,2016-05-26,3
2,3,16,1,2016-05-27,5
2,3,16,2,2016-05-27,3
2,3,16,1,2016-05-28,0
2,3,16,2,2016-05-28,1
2,3,16,1,2016-05-29,0
2,3,16,2,2016-05-29,0
5,10,96,1,2016-05-20,5
5,10,96,2,2016-05-20,5
5,10,96,1,2016-05-21,0
5,10,96,2,2016-05-21,3
5,10,96,1,2016-05-22,0
5,10,96,2,2016-05-22,2
5,10,96,1,2016-05-23,5
5,10,96,2,2016-05-23,4
5,10,96,1,2016-05-24,5
5,10,96,2,2016-05-24,5
5,10,96,1,2016-05-25,5
5,10,96,2,2016-05-25,5
5,10,96,1,2016-05-26,5
5,10,96,2,2016-05-26,5
5,10,96,1,2016-05-27,5
5,10,96,2,2016-05-27,5
5,10,96,1,2016-05-28,0
5,10,96,2,2016-05-28,3
5,10,96,1,2016-05-29,0
5,10,96,2,2016-05-29,2
17,45,14,1,2016-05-20,1
17,45,14,2,2016-05-20,1
17,45,14,1,2016-05-21,0
17,45,14,2,2016-05-21,0
17,45,14,1,2016-05-22,0
17,45,14,2,2016-05-22,0
17,45,14,1,2016-05-23,1
17,45,14,2,2016-05-23,1
17,45,14,1,2016-05-24,1
17,45,14,2,2016-05-24,1
17,45,14,1,2016-05-25,1
17,45,14,2,2016-05-25,1
17,45,14,1,2016-05-26,1
17,45,14,2,2016-05-26,1
17,45,14,1,2016-05-27,1
17,45,14,2,2016-05-27,1
17,45,14,1,2016-05-28,0
17,45,14,2,2016-05-28,0
17,45,14,1,2016-05-29,0
17,45,14,2,2016-05-29,0
22,68,12,1,2016-05-20,2
22,68,12,2,2016-05-20,2
22,68,12,1,2016-05-21,0
22,68,12,2,2016-05-21,1
22,68,12,1,2016-05-22,0
22,68,12,2,2016-05-22,0
22,68,12,1,2016-05-23,3
22,68,12,2,2016-05-23,1
22,68,12,1,2016-05-24,2
22,68,12,2,2016-05-24,2
22,68,12,1,2016-05-25,3
22,68,12,2,2016-05-25,2
22,68,12,1,2016-05-26,2
22,68,12,2,2016-05-26,2
22,68,12,1,2016-05-27,2
22,68,12,2,2016-05-27,2
22,68,12,1,2016-05-28,0
22,68,12,2,2016-05-28,1
22,68,12,1,2016-05-29,0
22,68,12,2,2016-05-29,0
13,33,10,1,2016-05-20,4
13,33,10,2,2016-05-20,3
13,33,10,1,2016-05-21,0
13,33,10,2,2016-05-21,1
13,33,10,1,2016-05-22,0
13,33,10,2,2016-05-22,0
13,33,10,1,2016-05-23,4
13,33,10,2,2016-05-23,2
13,33,10,1,2016-05-24,4
13,33,10,2,2016-05-24,2
13,33,10,1,2016-05-25,4
13,33,10,2,2016-05-25,2
13,33,10,1,2016-05-26,4
13,33,10,2,2016-05-26,3
13,33,10,1,2016-05-27,4
13,33,10,2,2016-05-27,2
13,33,10,1,2016-05-28,0
13,33,10,2,2016-05-28,1
13,33,10,1,2016-05-29,0
13,33,10,2,2016-05-29,0
3,5,30,1,2016-05-20,3
3,5,30,2,2016-05-20,1
3,5,30,1,2016-05-21,0
3,5,30,2,2016-05-21,0
3,5,30,1,2016-05-22,0
3,5,30,2,2016-05-22,0
3,5,30,1,2016-05-23,4
3,5,30,2,2016-05-23,1
3,5,30,1,2016-05-24,3
3,5,30,2,2016-05-24,1
3,5,30,1,2016-05-25,3
3,5,30,2,2016-05-25,1
3,5,30,1,2016-05-26,3
3,5,30,2,2016-05-26,1
3,5,30,1,2016-05-27,3
3,5,30,2,2016-05-27,1
3,5,30,1,2016-05-28,0
3,5,30,2,2016-05-28,0
3,5,30,1,2016-05-29,0
3,5,30,2,2016-05-29,0
3,5,32,1,2016-05-20,0
3,5,32,2,2016-05-20,0
3,5,32,1,2016-05-21,0
3,5,32,2,2016-05-21,0
3,5,32,1,2016-05-22,0
3,5,32,2,2016-05-22,0
3,5,32,1,2016-05-23,0
3,5,32,2,2016-05-23,0
3,5,32,1,2016-05-24,0
3,5,32,2,2016-05-24,0
3,5,32,1,2016-05-25,0
3,5,32,2,2016-05-25,0
3,5,32,1,2016-05-26,0
3,5,32,2,2016-05-26,0
3,5,32,1,2016-05-27,0
3,5,32,2,2016-05-27,0
3,5,32,1,2016-05-28,0
3,5,32,2,2016-05-28,0
3,5,32,1,2016-05-29,0
3,5,32,2,2016-05-29,0
27,72,92,1,2016-05-20,6
27,72,92,2,2016-05-20,4
27,72,92,1,2016-05-21,0
27,72,92,2,2016-05-21,2
27,72,92,1,2016-05-22,0
27,72,92,2,2016-05-22,1
27,72,92,1,2016-05-23,6
27,72,92,2,2016-05-23,3
27,72,92,1,2016-05-24,6
27,72,92,2,2016-05-24,4
27,72,92,1,2016-05-25,6
27,72,92,2,2016-05-25,4
27,72,92,1,2016-05-26,6
27,72,92,2,2016-05-26,4
27,72,92,1,2016-05-27,6
27,72,92,2,2016-05-27,4
27,72,92,1,2016-05-28,0
27,72,92,2,2016-05-28,2
27,72,92,1,2016-05-29,0
27,72,92,2,2016-05-29,1
3,6,34,1,2016-05-20,2
3,6,34,2,2016-05-20,1
3,6,34,1,2016-05-21,0
3,6,34,2,2016-05-21,0
3,6,34,1,2016-05-22,0
3,6,34,2,2016-05-22,0
3,6,34,1,2016-05-23,2
3,6,34,2,2016-05-23,0
3,6,34,1,2016-05-24,2
3,6,34,2,2016-05-24,1
3,6,34,1,2016-05-25,2
3,6,34,2,2016-05-25,1
3,6,34,1,2016-05-26,2
3,6,34,2,2016-05-26,1
3,6,34,1,2016-05-27,2
3,6,34,2,2016-05-27,1
3,6,34,1,2016-05-28,0
3,6,34,2,2016-05-28,0
3,6,34,1,2016-05-29,0
3,6,34,2,2016-05-29,0
8,21,58,1,2016-05-20,5
8,21,58,2,2016-05-20,3
8,21,58,1,2016-05-21,0
8,21,58,2,2016-05-21,1
8,21,58,1,2016-05-22,0
8,21,58,2,2016-05-22,0
8,21,58,1,2016-05-23,5
8,21,58,2,2016-05-23,3
8,21,58,1,2016-05-24,5
8,21,58,2,2016-05-24,3
8,21,58,1,2016-05-25,5
8,21,58,2,2016-05-25,3
8,21,58,1,2016-05-26,5
8,21,58,2,2016-05-26,3
8,21,58,1,2016-05-27,5
8,21,58,2,2016-05-27,3
8,21,58,1,2016-05-28,0
8,21,58,2,2016-05-28,1
8,21,58,1,2016-05-29,0
8,21,58,2,2016-05-29,0
2,4,18,1,2016-05-20,4
2,4,18,2,2016-05-20,3
2,4,18,1,2016-05-21,0
2,4,18,2,2016-05-21,1
2,4,18,1,2016-05-22,0
2,4,18,2,2016-05-22,1
2,4,18,1,2016-05-23,5
2,4,18,2,2016-05-23,3
2,4,18,1,2016-05-24,4
2,4,18,2,2016-05-24,2
2,4,18,1,2016-05-25,4
2,4,18,2,2016-05-25,3
2,4,18,1,2016-05-26,4
2,4,18,2,2016-05-26,3
2,4,18,1,2016-05-27,4
2,4,18,2,2016-05-27,3
2,4,18,1,2016-05-28,0
2,4,18,2,2016-05-28,1
2,4,18,1,2016-05-29,0
2,4,18,2,2016-05-29,1
14,36,74,1,2016-05-20,4
14,36,74,2,2016-05-20,2
14,36,74,1,2016-05-21,0
14,36,74,2,2016-05-21,1
14,36,74,1,2016-05-22,0
14,36,74,2,2016-05-22,0
14,36,74,1,2016-05-23,4
14,36,74,2,2016-05-23,2
14,36,74,1,2016-05-24,4
14,36,74,2,2016-05-24,2
14,36,74,1,2016-05-25,4
14,36,74,2,2016-05-25,2
14,36,74,1,2016-05-26,4
14,36,74,2,2016-05-26,2
14,36,74,1,2016-05-27,4
14,36,74,2,2016-05-27,2
14,36,74,1,2016-05-28,0
14,36,74,2,2016-05-28,1
14,36,74,1,2016-05-29,0
14,36,74,2,2016-05-29,0
14,37,76,1,2016-05-20,5
14,37,76,2,2016-05-20,2
14,37,76,1,2016-05-21,0
14,37,76,2,2016-05-21,0
14,37,76,1,2016-05-22,0
14,37,76,2,2016-05-22,0
14,37,76,1,2016-05-23,5
14,37,76,2,2016-05-23,2
14,37,76,1,2016-05-24,5
14,37,76,2,2016-05-24,2
14,37,76,1,2016-05-25,5
14,37,76,2,2016-05-25,2
14,37,76,1,2016-05-26,5
14,37,76,2,2016-05-26,2
14,37,76,1,2016-05-27,5
14,37,76,2,2016-05-27,2
14,37,76,1,2016-05-28,0
14,37,76,2,2016-05-28,0
14,37,76,1,2016-05-29,0
14,37,76,2,2016-05-29,0
19,52,118,1,2016-05-20,3
19,52,118,2,2016-05-20,1
19,52,118,1,2016-05-21,0
19,52,118,2,2016-05-21,1
19,52,118,1,2016-05-22,0
19,52,118,2,2016-05-22,0
19,52,118,1,2016-05-23,3
19,52,118,2,2016-05-23,0
19,52,118,1,2016-05-24,3
19,52,118,2,2016-05-24,1
19,52,118,1,2016-05-25,3
19,52,118,2,2016-05-25,1
19,52,118,1,2016-05-26,3
19,52,118,2,2016-05-26,1
19,52,118,1,2016-05-27,3
19,52,118,2,2016-05-27,1
19,52,118,1,2016-05-28,0
19,52,118,2,2016-05-28,1
19,52,118,1,2016-05-29,0
19,52,118,2,2016-05-29,0
14,35,72,1,2016-05-20,1
14,35,72,2,2016-05-20,0
14,35,72,1,2016-05-21,0
14,35,72,2,2016-05-21,0
14,35,72,1,2016-05-22,0
14,35,72,2,2016-05-22,0
14,35,72,1,2016-05-23,2
14,35,72,2,2016-05-23,0
14,35,72,1,2016-05-24,1
14,35,72,2,2016-05-24,0
14,35,72,1,2016-05-25,1
14,35,72,2,2016-05-25,0
14,35,72,1,2016-05-26,1
14,35,72,2,2016-05-26,0
14,35,72,1,2016-05-27,1
14,35,72,2,2016-05-27,0
14,35,72,1,2016-05-28,0
14,35,72,2,2016-05-28,0
14,35,72,1,2016-05-29,0
14,35,72,2,2016-05-29,0
18,51,114,1,2016-05-20,10
18,51,114,2,2016-05-20,5
18,51,114,1,2016-05-21,0
18,51,114,2,2016-05-21,1
18,51,114,1,2016-05-22,0
18,51,114,2,2016-05-22,0
18,51,114,1,2016-05-23,10
18,51,114,2,2016-05-23,3
18,51,114,1,2016-05-24,10
18,51,114,2,2016-05-24,4
18,51,114,1,2016-05-25,10
18,51,114,2,2016-05-25,4
18,51,114,1,2016-05-26,10
18,51,114,2,2016-05-26,5
18,51,114,1,2016-05-27,9
18,51,114,2,2016-05-27,5
18,51,114,1,2016-05-28,0
18,51,114,2,2016-05-28,1
18,51,114,1,2016-05-29,0
18,51,114,2,2016-05-29,0
14,38,78,1,2016-05-20,0
14,38,78,2,2016-05-20,0
14,38,78,1,2016-05-21,0
14,38,78,2,2016-05-21,0
14,38,78,1,2016-05-22,0
14,38,78,2,2016-05-22,0
14,38,78,1,2016-05-23,0
14,38,78,2,2016-05-23,0
14,38,78,1,2016-05-24,0
14,38,78,2,2016-05-24,0
14,38,78,1,2016-05-25,0
14,38,78,2,2016-05-25,0
14,38,78,1,2016-05-26,0
14,38,78,2,2016-05-26,0
14,38,78,1,2016-05-27,0
14,38,78,2,2016-05-27,0
14,38,78,1,2016-05-28,0
14,38,78,2,2016-05-28,0
14,38,78,1,2016-05-29,0
14,38,78,2,2016-05-29,0
19,52,116,1,2016-05-20,2
19,52,116,2,2016-05-20,1
19,52,116,1,2016-05-21,0
19,52,116,2,2016-05-21,0
19,52,116,1,2016-05-22,0
19,52,116,2,2016-05-22,0
19,52,116,1,2016-05-23,2
19,52,116,2,2016-05-23,0
19,52,116,1,2016-05-24,2
19,52,116,2,2016-05-24,1
19,52,116,1,2016-05-25,2
19,52,116,2,2016-05-25,1
19,52,116,1,2016-05-26,2
19,52,116,2,2016-05-26,1
19,52,116,1,2016-05-27,2
19,52,116,2,2016-05-27,1
19,52,116,1,2016-05-28,0
19,52,116,2,2016-05-28,0
19,52,116,1,2016-05-29,0
19,52,116,2,2016-05-29,0
18,49,110,1,2016-05-20,0
18,49,110,2,2016-05-20,1
18,49,110,1,2016-05-21,0
18,49,110,2,2016-05-21,0
18,49,110,1,2016-05-22,0
18,49,110,2,2016-05-22,0
18,49,110,1,2016-05-23,1
18,49,110,2,2016-05-23,0
18,49,110,1,2016-05-24,1
18,49,110,2,2016-05-24,0
18,49,110,1,2016-05-25,1
18,49,110,2,2016-05-25,0
18,49,110,1,2016-05-26,1
18,49,110,2,2016-05-26,1
18,49,110,1,2016-05-27,1
18,49,110,2,2016-05-27,1
18,49,110,1,2016-05-28,0
18,49,110,2,2016-05-28,0
18,49,110,1,2016-05-29,0
18,49,110,2,2016-05-29,0
15,41,90,1,2016-05-20,10
15,41,90,2,2016-05-20,7
15,41,90,1,2016-05-21,2
15,41,90,2,2016-05-21,4
15,41,90,1,2016-05-22,0
15,41,90,2,2016-05-22,1
15,41,90,1,2016-05-23,10
15,41,90,2,2016-05-23,4
15,41,90,1,2016-05-24,10
15,41,90,2,2016-05-24,6
15,41,90,1,2016-05-25,10
15,41,90,2,2016-05-25,6
15,41,90,1,2016-05-26,10
15,41,90,2,2016-05-26,7
15,41,90,1,2016-05-27,11
15,41,90,2,2016-05-27,7
15,41,90,1,2016-05-28,3
15,41,90,2,2016-05-28,4
15,41,90,1,2016-05-29,1
15,41,90,2,2016-05-29,1
22,70,136,1,2016-05-20,0
22,70,136,2,2016-05-20,1
22,70,136,1,2016-05-21,0
22,70,136,2,2016-05-21,0
22,70,136,1,2016-05-22,0
22,70,136,2,2016-05-22,0
22,70,136,1,2016-05-23,1
22,70,136,2,2016-05-23,0
22,70,136,1,2016-05-24,0
22,70,136,2,2016-05-24,0
22,70,136,1,2016-05-25,0
22,70,136,2,2016-05-25,0
22,70,136,1,2016-05-26,0
22,70,136,2,2016-05-26,1
22,70,136,1,2016-05-27,0
22,70,136,2,2016-05-27,1
22,70,136,1,2016-05-28,0
22,70,136,2,2016-05-28,0
22,70,136,1,2016-05-29,0
22,70,136,2,2016-05-29,0
11,29,45,1,2016-05-20,3
11,29,45,2,2016-05-20,2
11,29,45,1,2016-05-21,0
11,29,45,2,2016-05-21,0
11,29,45,1,2016-05-22,0
11,29,45,2,2016-05-22,0
11,29,45,1,2016-05-23,3
11,29,45,2,2016-05-23,1
11,29,45,1,2016-05-24,3
11,29,45,2,2016-05-24,1
11,29,45,1,2016-05-25,3
11,29,45,2,2016-05-25,1
11,29,45,1,2016-05-26,3
11,29,45,2,2016-05-26,2
11,29,45,1,2016-05-27,3
11,29,45,2,2016-05-27,1
11,29,45,1,2016-05-28,0
11,29,45,2,2016-05-28,0
11,29,45,1,2016-05-29,0
11,29,45,2,2016-05-29,0
22,70,134,1,2016-05-20,0
22,70,134,2,2016-05-20,1
22,70,134,1,2016-05-21,0
22,70,134,2,2016-05-21,1
22,70,134,1,2016-05-22,0
22,70,134,2,2016-05-22,0
22,70,134,1,2016-05-23,0
22,70,134,2,2016-05-23,0
22,70,134,1,2016-05-24,0
22,70,134,2,2016-05-24,0
22,70,134,1,2016-05-25,1
22,70,134,2,2016-05-25,0
22,70,134,1,2016-05-26,0
22,70,134,2,2016-05-26,1
22,70,134,1,2016-05-27,0
22,70,134,2,2016-05-27,0
22,70,134,1,2016-05-28,0
22,70,134,2,2016-05-28,0
22,70,134,1,2016-05-29,0
22,70,134,2,2016-05-29,0
21,58,94,1,2016-05-20,5
21,58,94,2,2016-05-20,3
21,58,94,1,2016-05-21,0
21,58,94,2,2016-05-21,2
21,58,94,1,2016-05-22,0
21,58,94,2,2016-05-22,1
21,58,94,1,2016-05-23,5
21,58,94,2,2016-05-23,3
21,58,94,1,2016-05-24,5
21,58,94,2,2016-05-24,3
21,58,94,1,2016-05-25,5
21,58,94,2,2016-05-25,3
21,58,94,1,2016-05-26,5
21,58,94,2,2016-05-26,3
21,58,94,1,2016-05-27,5
21,58,94,2,2016-05-27,3
21,58,94,1,2016-05-28,0
21,58,94,2,2016-05-28,2
21,58,94,1,2016-05-29,0
21,58,94,2,2016-05-29,1
18,50,112,1,2016-05-20,3
18,50,112,2,2016-05-20,1
18,50,112,1,2016-05-21,0
18,50,112,2,2016-05-21,0
18,50,112,1,2016-05-22,0
18,50,112,2,2016-05-22,0
18,50,112,1,2016-05-23,3
18,50,112,2,2016-05-23,0
18,50,112,1,2016-05-24,3
18,50,112,2,2016-05-24,0
18,50,112,1,2016-05-25,3
18,50,112,2,2016-05-25,0
18,50,112,1,2016-05-26,3
18,50,112,2,2016-05-26,0
18,50,112,1,2016-05-27,3
18,50,112,2,2016-05-27,0
18,50,112,1,2016-05-28,0
18,50,112,2,2016-05-28,0
18,50,112,1,2016-05-29,0
18,50,112,2,2016-05-29,0
9,28,63,1,2016-05-20,1
9,28,63,2,2016-05-20,2
9,28,63,1,2016-05-21,0
9,28,63,2,2016-05-21,1
9,28,63,1,2016-05-22,0
9,28,63,2,2016-05-22,0
9,28,63,1,2016-05-23,1
9,28,63,2,2016-05-23,1
9,28,63,1,2016-05-24,1
9,28,63,2,2016-05-24,1
9,28,63,1,2016-05-25,1
9,28,63,2,2016-05-25,2
9,28,63,1,2016-05-26,1
9,28,63,2,2016-05-26,2
9,28,63,1,2016-05-27,1
9,28,63,2,2016-05-27,2
9,28,63,1,2016-05-28,0
9,28,63,2,2016-05-28,1
9,28,63,1,2016-05-29,0
9,28,63,2,2016-05-29,0
6,12,25,1,2016-05-20,5
6,12,25,2,2016-05-20,3
6,12,25,1,2016-05-21,0
6,12,25,2,2016-05-21,2
6,12,25,1,2016-05-22,0
6,12,25,2,2016-05-22,0
6,12,25,1,2016-05-23,4
6,12,25,2,2016-05-23,2
6,12,25,1,2016-05-24,4
6,12,25,2,2016-05-24,2
6,12,25,1,2016-05-25,4
6,12,25,2,2016-05-25,3
6,12,25,1,2016-05-26,4
6,12,25,2,2016-05-26,3
6,12,25,1,2016-05-27,4
6,12,25,2,2016-05-27,3
6,12,25,1,2016-05-28,0
6,12,25,2,2016-05-28,1
6,12,25,1,2016-05-29,0
6,12,25,2,2016-05-29,0
26,71,98,1,2016-05-20,2
26,71,98,2,2016-05-20,2
26,71,98,1,2016-05-21,0
26,71,98,2,2016-05-21,1
26,71,98,1,2016-05-22,0
26,71,98,2,2016-05-22,0
26,71,98,1,2016-05-23,3
26,71,98,2,2016-05-23,1
26,71,98,1,2016-05-24,2
26,71,98,2,2016-05-24,1
26,71,98,1,2016-05-25,3
26,71,98,2,2016-05-25,1
26,71,98,1,2016-05-26,3
26,71,98,2,2016-05-26,1
26,71,98,1,2016-05-27,3
26,71,98,2,2016-05-27,1
26,71,98,1,2016-05-28,0
26,71,98,2,2016-05-28,0
26,71,98,1,2016-05-29,0
26,71,98,2,2016-05-29,0
7,15,21,1,2016-05-20,3
7,15,21,2,2016-05-20,3
7,15,21,1,2016-05-21,0
7,15,21,2,2016-05-21,2
7,15,21,1,2016-05-22,0
7,15,21,2,2016-05-22,0
7,15,21,1,2016-05-23,3
7,15,21,2,2016-05-23,2
7,15,21,1,2016-05-24,3
7,15,21,2,2016-05-24,3
7,15,21,1,2016-05-25,3
7,15,21,2,2016-05-25,3
7,15,21,1,2016-05-26,3
7,15,21,2,2016-05-26,3
7,15,21,1,2016-05-27,3
7,15,21,2,2016-05-27,3
7,15,21,1,2016-05-28,0
7,15,21,2,2016-05-28,2
7,15,21,1,2016-05-29,0
7,15,21,2,2016-05-29,1
7,18,138,1,2016-05-20,2
7,18,138,2,2016-05-20,1
7,18,138,1,2016-05-21,0
7,18,138,2,2016-05-21,1
7,18,138,1,2016-05-22,0
7,18,138,2,2016-05-22,0
7,18,138,1,2016-05-23,2
7,18,138,2,2016-05-23,1
7,18,138,1,2016-05-24,2
7,18,138,2,2016-05-24,1
7,18,138,1,2016-05-25,2
7,18,138,2,2016-05-25,1
7,18,138,1,2016-05-26,2
7,18,138,2,2016-05-26,1
7,18,138,1,2016-05-27,2
7,18,138,2,2016-05-27,1
7,18,138,1,2016-05-28,0
7,18,138,2,2016-05-28,0
7,18,138,1,2016-05-29,0
7,18,138,2,2016-05-29,0
23,64,127,1,2016-05-20,5
23,64,127,2,2016-05-20,3
23,64,127,1,2016-05-21,0
23,64,127,2,2016-05-21,1
23,64,127,1,2016-05-22,0
23,64,127,2,2016-05-22,0
23,64,127,1,2016-05-23,5
23,64,127,2,2016-05-23,2
23,64,127,1,2016-05-24,5
23,64,127,2,2016-05-24,3
23,64,127,1,2016-05-25,5
23,64,127,2,2016-05-25,3
23,64,127,1,2016-05-26,5
23,64,127,2,2016-05-26,3
23,64,127,1,2016-05-27,5
23,64,127,2,2016-05-27,3
23,64,127,1,2016-05-28,0
23,64,127,2,2016-05-28,1
23,64,127,1,2016-05-29,0
23,64,127,2,2016-05-29,0
6,14,107,1,2016-05-20,1
6,14,107,2,2016-05-20,4
6,14,107,1,2016-05-21,0
6,14,107,2,2016-05-21,3
6,14,107,1,2016-05-22,0
6,14,107,2,2016-05-22,2
6,14,107,1,2016-05-23,1
6,14,107,2,2016-05-23,3
6,14,107,1,2016-05-24,1
6,14,107,2,2016-05-24,3
6,14,107,1,2016-05-25,2
6,14,107,2,2016-05-25,3
6,14,107,1,2016-05-26,1
6,14,107,2,2016-05-26,4
6,14,107,1,2016-05-27,1
6,14,107,2,2016-05-27,3
6,14,107,1,2016-05-28,0
6,14,107,2,2016-05-28,3
6,14,107,1,2016-05-29,0
6,14,107,2,2016-05-29,2
23,63,125,1,2016-05-20,4
23,63,125,2,2016-05-20,4
23,63,125,1,2016-05-21,0
23,63,125,2,2016-05-21,2
23,63,125,1,2016-05-22,0
23,63,125,2,2016-05-22,1
23,63,125,1,2016-05-23,5
23,63,125,2,2016-05-23,2
23,63,125,1,2016-05-24,5
23,63,125,2,2016-05-24,3
23,63,125,1,2016-05-25,5
23,63,125,2,2016-05-25,3
23,63,125,1,2016-05-26,5
23,63,125,2,2016-05-26,4
23,63,125,1,2016-05-27,5
23,63,125,2,2016-05-27,4
23,63,125,1,2016-05-28,0
23,63,125,2,2016-05-28,2
23,63,125,1,2016-05-29,0
23,63,125,2,2016-05-29,1
24,66,130,1,2016-05-20,6
24,66,130,2,2016-05-20,3
24,66,130,1,2016-05-21,0
24,66,130,2,2016-05-21,1
24,66,130,1,2016-05-22,0
24,66,130,2,2016-05-22,0
24,66,130,1,2016-05-23,6
24,66,130,2,2016-05-23,2
24,66,130,1,2016-05-24,6
24,66,130,2,2016-05-24,3
24,66,130,1,2016-05-25,6
24,66,130,2,2016-05-25,3
24,66,130,1,2016-05-26,6
24,66,130,2,2016-05-26,3
24,66,130,1,2016-05-27,6
24,66,130,2,2016-05-27,3
24,66,130,1,2016-05-28,0
24,66,130,2,2016-05-28,1
24,66,130,1,2016-05-29,0
24,66,130,2,2016-05-29,0
8,20,56,1,2016-05-20,0
8,20,56,2,2016-05-20,0
8,20,56,1,2016-05-21,0
8,20,56,2,2016-05-21,0
8,20,56,1,2016-05-22,0
8,20,56,2,2016-05-22,0
8,20,56,1,2016-05-23,0
8,20,56,2,2016-05-23,0
8,20,56,1,2016-05-24,0
8,20,56,2,2016-05-24,0
8,20,56,1,2016-05-25,0
8,20,56,2,2016-05-25,0
8,20,56,1,2016-05-26,0
8,20,56,2,2016-05-26,0
8,20,56,1,2016-05-27,0
8,20,56,2,2016-05-27,0
8,20,56,1,2016-05-28,0
8,20,56,2,2016-05-28,0
8,20,56,1,2016-05-29,0
8,20,56,2,2016-05-29,0
25,60,27,1,2016-05-20,3
25,60,27,2,2016-05-20,2
25,60,27,1,2016-05-21,0
25,60,27,2,2016-05-21,1
25,60,27,1,2016-05-22,0
25,60,27,2,2016-05-22,0
25,60,27,1,2016-05-23,3
25,60,27,2,2016-05-23,1
25,60,27,1,2016-05-24,3
25,60,27,2,2016-05-24,1
25,60,27,1,2016-05-25,4
25,60,27,2,2016-05-25,2
25,60,27,1,2016-05-26,3
25,60,27,2,2016-05-26,2
25,60,27,1,2016-05-27,3
25,60,27,2,2016-05-27,2
25,60,27,1,2016-05-28,0
25,60,27,2,2016-05-28,0
25,60,27,1,2016-05-29,0
25,60,27,2,2016-05-29,0
20,55,69,1,2016-05-20,2
20,55,69,2,2016-05-20,1
20,55,69,1,2016-05-21,0
20,55,69,2,2016-05-21,0
20,55,69,1,2016-05-22,0
20,55,69,2,2016-05-22,0
20,55,69,1,2016-05-23,2
20,55,69,2,2016-05-23,1
20,55,69,1,2016-05-24,2
20,55,69,2,2016-05-24,1
20,55,69,1,2016-05-25,2
20,55,69,2,2016-05-25,1
20,55,69,1,2016-05-26,2
20,55,69,2,2016-05-26,1
20,55,69,1,2016-05-27,2
20,55,69,2,2016-05-27,1
20,55,69,1,2016-05-28,0
20,55,69,2,2016-05-28,0
20,55,69,1,2016-05-29,0
20,55,69,2,2016-05-29,0
17,46,52,1,2016-05-20,3
17,46,52,2,2016-05-20,2
17,46,52,1,2016-05-21,0
17,46,52,2,2016-05-21,1
17,46,52,1,2016-05-22,0
17,46,52,2,2016-05-22,0
17,46,52,1,2016-05-23,3
17,46,52,2,2016-05-23,1
17,46,52,1,2016-05-24,3
17,46,52,2,2016-05-24,2
17,46,52,1,2016-05-25,3
17,46,52,2,2016-05-25,2
17,46,52,1,2016-05-26,3
17,46,52,2,2016-05-26,2
17,46,52,1,2016-05-27,3
17,46,52,2,2016-05-27,2
17,46,52,1,2016-05-28,0
17,46,52,2,2016-05-28,0
17,46,52,1,2016-05-29,0
17,46,52,2,2016-05-29,0
10,25,29,1,2016-05-20,7
10,25,29,2,2016-05-20,2
10,25,29,1,2016-05-21,0
10,25,29,2,2016-05-21,0
10,25,29,1,2016-05-22,0
10,25,29,2,2016-05-22,0
10,25,29,1,2016-05-23,8
10,25,29,2,2016-05-23,2
10,25,29,1,2016-05-24,7
10,25,29,2,2016-05-24,2
10,25,29,1,2016-05-25,7
10,25,29,2,2016-05-25,2
10,25,29,1,2016-05-26,7
10,25,29,2,2016-05-26,2
10,25,29,1,2016-05-27,7
10,25,29,2,2016-05-27,2
10,25,29,1,2016-05-28,0
10,25,29,2,2016-05-28,0
10,25,29,1,2016-05-29,0
10,25,29,2,2016-05-29,0
16,43,49,1,2016-05-20,0
16,43,49,2,2016-05-20,0
16,43,49,1,2016-05-21,0
16,43,49,2,2016-05-21,0
16,43,49,1,2016-05-22,0
16,43,49,2,2016-05-22,0
16,43,49,1,2016-05-23,1
16,43,49,2,2016-05-23,0
16,43,49,1,2016-05-24,0
16,43,49,2,2016-05-24,0
16,43,49,1,2016-05-25,1
16,43,49,2,2016-05-25,0
16,43,49,1,2016-05-26,0
16,43,49,2,2016-05-26,0
16,43,49,1,2016-05-27,0
16,43,49,2,2016-05-27,0
16,43,49,1,2016-05-28,0
16,43,49,2,2016-05-28,0
16,43,49,1,2016-05-29,0
16,43,49,2,2016-05-29,0
4,7,36,1,2016-05-20,2
4,7,36,2,2016-05-20,2
4,7,36,1,2016-05-21,0
4,7,36,2,2016-05-21,1
4,7,36,1,2016-05-22,0
4,7,36,2,2016-05-22,0
4,7,36,1,2016-05-23,3
4,7,36,2,2016-05-23,2
4,7,36,1,2016-05-24,3
4,7,36,2,2016-05-24,2
4,7,36,1,2016-05-25,3
4,7,36,2,2016-05-25,2
4,7,36,1,2016-05-26,3
4,7,36,2,2016-05-26,2
4,7,36,1,2016-05-27,3
4,7,36,2,2016-05-27,2
4,7,36,1,2016-05-28,0
4,7,36,2,2016-05-28,1
4,7,36,1,2016-05-29,0
4,7,36,2,2016-05-29,0
10,23,23,1,2016-05-20,4
10,23,23,2,2016-05-20,2
10,23,23,1,2016-05-21,0
10,23,23,2,2016-05-21,0
10,23,23,1,2016-05-22,0
10,23,23,2,2016-05-22,0
10,23,23,1,2016-05-23,4
10,23,23,2,2016-05-23,1
10,23,23,1,2016-05-24,4
10,23,23,2,2016-05-24,2
10,23,23,1,2016-05-25,4
10,23,23,2,2016-05-25,2
10,23,23,1,2016-05-26,4
10,23,23,2,2016-05-26,2
10,23,23,1,2016-05-27,3
10,23,23,2,2016-05-27,2
10,23,23,1,2016-05-28,0
10,23,23,2,2016-05-28,0
10,23,23,1,2016-05-29,0
10,23,23,2,2016-05-29,0
22,69,132,1,2016-05-20,4
22,69,132,2,2016-05-20,2
22,69,132,1,2016-05-21,0
22,69,132,2,2016-05-21,1
22,69,132,1,2016-05-22,0
22,69,132,2,2016-05-22,0
22,69,132,1,2016-05-23,5
22,69,132,2,2016-05-23,1
22,69,132,1,2016-05-24,4
22,69,132,2,2016-05-24,2
22,69,132,1,2016-05-25,5
22,69,132,2,2016-05-25,1
22,69,132,1,2016-05-26,5
22,69,132,2,2016-05-26,2
22,69,132,1,2016-05-27,4
22,69,132,2,2016-05-27,2
22,69,132,1,2016-05-28,0
22,69,132,2,2016-05-28,1
22,69,132,1,2016-05-29,0
22,69,132,2,2016-05-29,0
16,43,47,1,2016-05-20,2
16,43,47,2,2016-05-20,1
16,43,47,1,2016-05-21,0
16,43,47,2,2016-05-21,1
16,43,47,1,2016-05-22,0
16,43,47,2,2016-05-22,0
16,43,47,1,2016-05-23,2
16,43,47,2,2016-05-23,0
16,43,47,1,2016-05-24,2
16,43,47,2,2016-05-24,1
16,43,47,1,2016-05-25,2
16,43,47,2,2016-05-25,1
16,43,47,1,2016-05-26,2
16,43,47,2,2016-05-26,1
16,43,47,1,2016-05-27,2
16,43,47,2,2016-05-27,1
16,43,47,1,2016-05-28,0
16,43,47,2,2016-05-28,0
16,43,47,1,2016-05-29,0
16,43,47,2,2016-05-29,0
20,54,41,1,2016-05-20,4
20,54,41,2,2016-05-20,2
20,54,41,1,2016-05-21,0
20,54,41,2,2016-05-21,1
20,54,41,1,2016-05-22,0
20,54,41,2,2016-05-22,0
20,54,41,1,2016-05-23,4
20,54,41,2,2016-05-23,2
20,54,41,1,2016-05-24,3
20,54,41,2,2016-05-24,1
20,54,41,1,2016-05-25,4
20,54,41,2,2016-05-25,2
20,54,41,1,2016-05-26,4
20,54,41,2,2016-05-26,2
20,54,41,1,2016-05-27,3
20,54,41,2,2016-05-27,2
20,54,41,1,2016-05-28,0
20,54,41,2,2016-05-28,0
20,54,41,1,2016-05-29,0
20,54,41,2,2016-05-29,0
9,27,61,1,2016-05-20,9
9,27,61,2,2016-05-20,5
9,27,61,1,2016-05-21,0
9,27,61,2,2016-05-21,2
9,27,61,1,2016-05-22,0
9,27,61,2,2016-05-22,0
9,27,61,1,2016-05-23,9
9,27,61,2,2016-05-23,3
9,27,61,1,2016-05-24,9
9,27,61,2,2016-05-24,4
9,27,61,1,2016-05-25,9
9,27,61,2,2016-05-25,4
9,27,61,1,2016-05-26,9
9,27,61,2,2016-05-26,5
9,27,61,1,2016-05-27,9
9,27,61,2,2016-05-27,4
9,27,61,1,2016-05-28,0
9,27,61,2,2016-05-28,2
9,27,61,1,2016-05-29,0
9,27,61,2,2016-05-29,0
12,31,43,1,2016-05-20,7
12,31,43,2,2016-05-20,5
12,31,43,1,2016-05-21,0
12,31,43,2,2016-05-21,2
12,31,43,1,2016-05-22,0
12,31,43,2,2016-05-22,0
12,31,43,1,2016-05-23,7
12,31,43,2,2016-05-23,3
12,31,43,1,2016-05-24,7
12,31,43,2,2016-05-24,4
12,31,43,1,2016-05-25,7
12,31,43,2,2016-05-25,4
12,31,43,1,2016-05-26,7
12,31,43,2,2016-05-26,5
12,31,43,1,2016-05-27,7
12,31,43,2,2016-05-27,5
12,31,43,1,2016-05-28,0
12,31,43,2,2016-05-28,2
12,31,43,1,2016-05-29,0
12,31,43,2,2016-05-29,0
10,26,66,1,2016-05-20,2
10,26,66,2,2016-05-20,1
10,26,66,1,2016-05-21,0
10,26,66,2,2016-05-21,0
10,26,66,1,2016-05-22,0
10,26,66,2,2016-05-22,0
10,26,66,1,2016-05-23,3
10,26,66,2,2016-05-23,1
10,26,66,1,2016-05-24,2
10,26,66,2,2016-05-24,1
10,26,66,1,2016-05-25,3
10,26,66,2,2016-05-25,1
10,26,66,1,2016-05-26,2
10,26,66,2,2016-05-26,1
10,26,66,1,2016-05-27,2
10,26,66,2,2016-05-27,1
10,26,66,1,2016-05-28,0
10,26,66,2,2016-05-28,0
10,26,66,1,2016-05-29,0
10,26,66,2,2016-05-29,0
13,34,64,1,2016-05-20,7
13,34,64,2,2016-05-20,3
13,34,64,1,2016-05-21,1
13,34,64,2,2016-05-21,1
13,34,64,1,2016-05-22,0
13,34,64,2,2016-05-22,0
13,34,64,1,2016-05-23,6
13,34,64,2,2016-05-23,2
13,34,64,1,2016-05-24,6
13,34,64,2,2016-05-24,3
13,34,64,1,2016-05-25,7
13,34,64,2,2016-05-25,3
13,34,64,1,2016-05-26,6
13,34,64,2,2016-05-26,4
13,34,64,1,2016-05-27,6
13,34,64,2,2016-05-27,3
13,34,64,1,2016-05-28,1
13,34,64,2,2016-05-28,1
13,34,64,1,2016-05-29,0
13,34,64,2,2016-05-29,0
5,9,82,1,2016-05-20,1
5,9,82,2,2016-05-20,3
5,9,82,1,2016-05-21,0
5,9,82,2,2016-05-21,2
5,9,82,1,2016-05-22,0
5,9,82,2,2016-05-22,1
5,9,82,1,2016-05-23,1
5,9,82,2,2016-05-23,2
5,9,82,1,2016-05-24,1
5,9,82,2,2016-05-24,2
5,9,82,1,2016-05-25,1
5,9,82,2,2016-05-25,2
5,9,82,1,2016-05-26,1
5,9,82,2,2016-05-26,2
5,9,82,1,2016-05-27,1
5,9,82,2,2016-05-27,2
5,9,82,1,2016-05-28,0
5,9,82,2,2016-05-28,1
5,9,82,1,2016-05-29,0
5,9,82,2,2016-05-29,1
27,73,142,1,2016-05-20,4
27,73,142,2,2016-05-20,3
27,73,142,1,2016-05-21,0
27,73,142,2,2016-05-21,2
27,73,142,1,2016-05-22,0
27,73,142,2,2016-05-22,0
27,73,142,1,2016-05-23,4
27,73,142,2,2016-05-23,2
27,73,142,1,2016-05-24,4
27,73,142,2,2016-05-24,3
27,73,142,1,2016-05-25,4
27,73,142,2,2016-05-25,3
27,73,142,1,2016-05-26,4
27,73,142,2,2016-05-26,3
27,73,142,1,2016-05-27,4
27,73,142,2,2016-05-27,3
27,73,142,1,2016-05-28,0
27,73,142,2,2016-05-28,1
27,73,142,1,2016-05-29,0
27,73,142,2,2016-05-29,0
8,20,57,1,2016-05-20,7
8,20,57,2,2016-05-20,5
8,20,57,1,2016-05-21,0
8,20,57,2,2016-05-21,1
8,20,57,1,2016-05-22,0
8,20,57,2,2016-05-22,0
8,20,57,1,2016-05-23,7
8,20,57,2,2016-05-23,3
8,20,57,1,2016-05-24,7
8,20,57,2,2016-05-24,4
8,20,57,1,2016-05-25,8
8,20,57,2,2016-05-25,5
8,20,57,1,2016-05-26,8
8,20,57,2,2016-05-26,5
8,20,57,1,2016-05-27,8
8,20,57,2,2016-05-27,5
8,20,57,1,2016-05-28,1
8,20,57,2,2016-05-28,2
8,20,57,1,2016-05-29,0
8,20,57,2,2016-05-29,0
12,32,140,1,2016-05-20,6
12,32,140,2,2016-05-20,3
12,32,140,1,2016-05-21,0
12,32,140,2,2016-05-21,1
12,32,140,1,2016-05-22,0
12,32,140,2,2016-05-22,0
12,32,140,1,2016-05-23,7
12,32,140,2,2016-05-23,3
12,32,140,1,2016-05-24,6
12,32,140,2,2016-05-24,3
12,32,140,1,2016-05-25,7
12,32,140,2,2016-05-25,3
12,32,140,1,2016-05-26,6
12,32,140,2,2016-05-26,4
12,32,140,1,2016-05-27,6
12,32,140,2,2016-05-27,4
12,32,140,1,2016-05-28,0
12,32,140,2,2016-05-28,1
12,32,140,1,2016-05-29,0
12,32,140,2,2016-05-29,0
5,9,80,1,2016-05-20,4
5,9,80,2,2016-05-20,3
5,9,80,1,2016-05-21,0
5,9,80,2,2016-05-21,2
5,9,80,1,2016-05-22,0
5,9,80,2,2016-05-22,1
5,9,80,1,2016-05-23,4
5,9,80,2,2016-05-23,2
5,9,80,1,2016-05-24,4
5,9,80,2,2016-05-24,3
5,9,80,1,2016-05-25,4
5,9,80,2,2016-05-25,3
5,9,80,1,2016-05-26,4
5,9,80,2,2016-05-26,3
5,9,80,1,2016-05-27,4
5,9,80,2,2016-05-27,3
5,9,80,1,2016-05-28,0
5,9,80,2,2016-05-28,2
5,9,80,1,2016-05-29,0
5,9,80,2,2016-05-29,1
21,59,122,1,2016-05-20,2
21,59,122,2,2016-05-20,2
21,59,122,1,2016-05-21,0
21,59,122,2,2016-05-21,1
21,59,122,1,2016-05-22,0
21,59,122,2,2016-05-22,1
21,59,122,1,2016-05-23,2
21,59,122,2,2016-05-23,1
21,59,122,1,2016-05-24,2
21,59,122,2,2016-05-24,2
21,59,122,1,2016-05-25,2
21,59,122,2,2016-05-25,2
21,59,122,1,2016-05-26,2
21,59,122,2,2016-05-26,2
21,59,122,1,2016-05-27,2
21,59,122,2,2016-05-27,2
21,59,122,1,2016-05-28,0
21,59,122,2,2016-05-28,1
21,59,122,1,2016-05-29,0
21,59,122,2,2016-05-29,1
11,30,84,1,2016-05-20,5
11,30,84,2,2016-05-20,5
11,30,84,1,2016-05-21,0
11,30,84,2,2016-05-21,2
11,30,84,1,2016-05-22,0
11,30,84,2,2016-05-22,0
11,30,84,1,2016-05-23,6
11,30,84,2,2016-05-23,4
11,30,84,1,2016-05-24,5
11,30,84,2,2016-05-24,4
11,30,84,1,2016-05-25,6
11,30,84,2,2016-05-25,4
11,30,84,1,2016-05-26,6
11,30,84,2,2016-05-26,4
11,30,84,1,2016-05-27,5
11,30,84,2,2016-05-27,4
11,30,84,1,2016-05-28,0
11,30,84,2,2016-05-28,2
11,30,84,1,2016-05-29,0
11,30,84,2,2016-05-29,0
17,46,53,1,2016-05-20,3
17,46,53,2,2016-05-20,3
17,46,53,1,2016-05-21,0
17,46,53,2,2016-05-21,1
17,46,53,1,2016-05-22,0
17,46,53,2,2016-05-22,0
17,46,53,1,2016-05-23,4
17,46,53,2,2016-05-23,1
17,46,53,1,2016-05-24,4
17,46,53,2,2016-05-24,2
17,46,53,1,2016-05-25,4
17,46,53,2,2016-05-25,2
17,46,53,1,2016-05-26,4
17,46,53,2,2016-05-26,3
17,46,53,1,2016-05-27,3
17,46,53,2,2016-05-27,3
17,46,53,1,2016-05-28,0
17,46,53,2,2016-05-28,1
17,46,53,1,2016-05-29,0
17,46,53,2,2016-05-29,0
15,39,86,1,2016-05-20,5
15,39,86,2,2016-05-20,4
15,39,86,1,2016-05-21,0
15,39,86,2,2016-05-21,2
15,39,86,1,2016-05-22,0
15,39,86,2,2016-05-22,1
15,39,86,1,2016-05-23,5
15,39,86,2,2016-05-23,2
15,39,86,1,2016-05-24,5
15,39,86,2,2016-05-24,3
15,39,86,1,2016-05-25,5
15,39,86,2,2016-05-25,3
15,39,86,1,2016-05-26,5
15,39,86,2,2016-05-26,4
15,39,86,1,2016-05-27,5
15,39,86,2,2016-05-27,4
15,39,86,1,2016-05-28,0
15,39,86,2,2016-05-28,2
15,39,86,1,2016-05-29,0
15,39,86,2,2016-05-29,0
17,47,102,1,2016-05-20,5
17,47,102,2,2016-05-20,4
17,47,102,1,2016-05-21,0
17,47,102,2,2016-05-21,2
17,47,102,1,2016-05-22,0
17,47,102,2,2016-05-22,0
17,47,102,1,2016-05-23,5
17,47,102,2,2016-05-23,3
17,47,102,1,2016-05-24,5
17,47,102,2,2016-05-24,4
17,47,102,1,2016-05-25,5
17,47,102,2,2016-05-25,4
17,47,102,1,2016-05-26,5
17,47,102,2,2016-05-26,4
17,47,102,1,2016-05-27,5
17,47,102,2,2016-05-27,3
17,47,102,1,2016-05-28,0
17,47,102,2,2016-05-28,1
17,47,102,1,2016-05-29,0
17,47,102,2,2016-05-29,0
25,61,144,1,2016-05-20,14
25,61,144,2,2016-05-20,4
25,61,144,1,2016-05-21,1
25,61,144,2,2016-05-21,2
25,61,144,1,2016-05-22,0
25,61,144,2,2016-05-22,0
25,61,144,1,2016-05-23,14
25,61,144,2,2016-05-23,4
25,61,144,1,2016-05-24,14
25,61,144,2,2016-05-24,4
25,61,144,1,2016-05-25,14
25,61,144,2,2016-05-25,4
25,61,144,1,2016-05-26,15
25,61,144,2,2016-05-26,5
25,61,144,1,2016-05-27,15
25,61,144,2,2016-05-27,5
25,61,144,1,2016-05-28,2
25,61,144,2,2016-05-28,1
25,61,144,1,2016-05-29,0
25,61,144,2,2016-05-29,0
19,53,120,1,2016-05-20,7
19,53,120,2,2016-05-20,4
19,53,120,1,2016-05-21,1
19,53,120,2,2016-05-21,2
19,53,120,1,2016-05-22,0
19,53,120,2,2016-05-22,1
19,53,120,1,2016-05-23,7
19,53,120,2,2016-05-23,3
19,53,120,1,2016-05-24,7
19,53,120,2,2016-05-24,3
19,53,120,1,2016-05-25,7
19,53,120,2,2016-05-25,3
19,53,120,1,2016-05-26,7
19,53,120,2,2016-05-26,4
19,53,120,1,2016-05-27,7
19,53,120,2,2016-05-27,3
19,53,120,1,2016-05-28,0
19,53,120,2,2016-05-28,2
19,53,120,1,2016-05-29,0
19,53,120,2,2016-05-29,1
20,56,104,1,2016-05-20,2
20,56,104,2,2016-05-20,2
20,56,104,1,2016-05-21,0
20,56,104,2,2016-05-21,0
20,56,104,1,2016-05-22,0
20,56,104,2,2016-05-22,0
20,56,104,1,2016-05-23,2
20,56,104,2,2016-05-23,1
20,56,104,1,2016-05-24,2
20,56,104,2,2016-05-24,1
20,56,104,1,2016-05-25,2
20,56,104,2,2016-05-25,1
20,56,104,1,2016-05-26,2
20,56,104,2,2016-05-26,2
20,56,104,1,2016-05-27,2
20,56,104,2,2016-05-27,1
20,56,104,1,2016-05-28,0
20,56,104,2,2016-05-28,0
20,56,104,1,2016-05-29,0
20,56,104,2,2016-05-29,0
18,48,108,1,2016-05-20,3
18,48,108,2,2016-05-20,1
18,48,108,1,2016-05-21,0
18,48,108,2,2016-05-21,0
18,48,108,1,2016-05-22,0
18,48,108,2,2016-05-22,0
18,48,108,1,2016-05-23,3
18,48,108,2,2016-05-23,0
18,48,108,1,2016-05-24,3
18,48,108,2,2016-05-24,0
18,48,108,1,2016-05-25,3
18,48,108,2,2016-05-25,0
18,48,108,1,2016-05-26,3
18,48,108,2,2016-05-26,1
18,48,108,1,2016-05-27,3
18,48,108,2,2016-05-27,1
18,48,108,1,2016-05-28,0
18,48,108,2,2016-05-28,0
18,48,108,1,2016-05-29,0
18,48,108,2,2016-05-29,0
18,50,113,1,2016-05-20,6
18,50,113,2,2016-05-20,4
18,50,113,1,2016-05-21,0
18,50,113,2,2016-05-21,2
18,50,113,1,2016-05-22,0
18,50,113,2,2016-05-22,0
18,50,113,1,2016-05-23,7
18,50,113,2,2016-05-23,3
18,50,113,1,2016-05-24,6
18,50,113,2,2016-05-24,4
18,50,113,1,2016-05-25,7
18,50,113,2,2016-05-25,3
18,50,113,1,2016-05-26,6
18,50,113,2,2016-05-26,4
18,50,113,1,2016-05-27,6
18,50,113,2,2016-05-27,4
18,50,113,1,2016-05-28,0
18,50,113,2,2016-05-28,1
18,50,113,1,2016-05-29,0
18,50,113,2,2016-05-29,0
22,69,133,1,2016-05-20,6
22,69,133,2,2016-05-20,2
22,69,133,1,2016-05-21,0
22,69,133,2,2016-05-21,1
22,69,133,1,2016-05-22,0
22,69,133,2,2016-05-22,0
22,69,133,1,2016-05-23,6
22,69,133,2,2016-05-23,2
22,69,133,1,2016-05-24,6
22,69,133,2,2016-05-24,2
22,69,133,1,2016-05-25,6
22,69,133,2,2016-05-25,2
22,69,133,1,2016-05-26,6
22,69,133,2,2016-05-26,2
22,69,133,1,2016-05-27,6
22,69,133,2,2016-05-27,2
22,69,133,1,2016-05-28,0
22,69,133,2,2016-05-28,1
22,69,133,1,2016-05-29,0
22,69,133,2,2016-05-29,0
14,35,71,1,2016-05-20,2
14,35,71,2,2016-05-20,0
14,35,71,1,2016-05-21,0
14,35,71,2,2016-05-21,0
14,35,71,1,2016-05-22,0
14,35,71,2,2016-05-22,0
14,35,71,1,2016-05-23,2
14,35,71,2,2016-05-23,0
14,35,71,1,2016-05-24,2
14,35,71,2,2016-05-24,0
14,35,71,1,2016-05-25,2
14,35,71,2,2016-05-25,0
14,35,71,1,2016-05-26,2
14,35,71,2,2016-05-26,0
14,35,71,1,2016-05-27,2
14,35,71,2,2016-05-27,0
14,35,71,1,2016-05-28,0
14,35,71,2,2016-05-28,0
14,35,71,1,2016-05-29,0
14,35,71,2,2016-05-29,0
1,1,5,1,2016-05-20,6
1,1,5,2,2016-05-20,3
1,1,5,1,2016-05-21,0
1,1,5,2,2016-05-21,1
1,1,5,1,2016-05-22,0
1,1,5,2,2016-05-22,0
1,1,5,1,2016-05-23,6
1,1,5,2,2016-05-23,2
1,1,5,1,2016-05-24,6
1,1,5,2,2016-05-24,3
1,1,5,1,2016-05-25,6
1,1,5,2,2016-05-25,3
1,1,5,1,2016-05-26,6
1,1,5,2,2016-05-26,3
1,1,5,1,2016-05-27,6
1,1,5,2,2016-05-27,3
1,1,5,1,2016-05-28,0
1,1,5,2,2016-05-28,1
1,1,5,1,2016-05-29,0
1,1,5,2,2016-05-29,0
1,2,7,1,2016-05-20,2
1,2,7,2,2016-05-20,3
1,2,7,1,2016-05-21,0
1,2,7,2,2016-05-21,2
1,2,7,1,2016-05-22,0
1,2,7,2,2016-05-22,1
1,2,7,1,2016-05-23,2
1,2,7,2,2016-05-23,2
1,2,7,1,2016-05-24,2
1,2,7,2,2016-05-24,3
1,2,7,1,2016-05-25,2
1,2,7,2,2016-05-25,3
1,2,7,1,2016-05-26,2
1,2,7,2,2016-05-26,3
1,2,7,1,2016-05-27,2
1,2,7,2,2016-05-27,3
1,2,7,1,2016-05-28,0
1,2,7,2,2016-05-28,2
1,2,7,1,2016-05-29,0
1,2,7,2,2016-05-29,1
21,57,1,1,2016-05-20,1
21,57,1,2,2016-05-20,2
21,57,1,1,2016-05-21,0
21,57,1,2,2016-05-21,0
21,57,1,1,2016-05-22,0
21,57,1,2,2016-05-22,0
21,57,1,1,2016-05-23,2
21,57,1,2,2016-05-23,1
21,57,1,1,2016-05-24,2
21,57,1,2,2016-05-24,1
21,57,1,1,2016-05-25,2
21,57,1,2,2016-05-25,1
21,57,1,1,2016-05-26,2
21,57,1,2,2016-05-26,2
21,57,1,1,2016-05-27,2
21,57,1,2,2016-05-27,2
21,57,1,1,2016-05-28,0
21,57,1,2,2016-05-28,0
21,57,1,1,2016-05-29,0
21,57,1,2,2016-05-29,0
16,42,3,1,2016-05-20,1
16,42,3,2,2016-05-20,0
16,42,3,1,2016-05-21,0
16,42,3,2,2016-05-21,0
16,42,3,1,2016-05-22,0
16,42,3,2,2016-05-22,0
16,42,3,1,2016-05-23,1
16,42,3,2,2016-05-23,0
16,42,3,1,2016-05-24,1
16,42,3,2,2016-05-24,0
16,42,3,1,2016-05-25,1
16,42,3,2,2016-05-25,0
16,42,3,1,2016-05-26,1
16,42,3,2,2016-05-26,0
16,42,3,1,2016-05-27,1
16,42,3,2,2016-05-27,0
16,42,3,1,2016-05-28,0
16,42,3,2,2016-05-28,0
16,42,3,1,2016-05-29,0
16,42,3,2,2016-05-29,0
8,22,60,1,2016-05-20,9
8,22,60,2,2016-05-20,5
8,22,60,1,2016-05-21,1
8,22,60,2,2016-05-21,2
8,22,60,1,2016-05-22,0
8,22,60,2,2016-05-22,0
8,22,60,1,2016-05-23,9
8,22,60,2,2016-05-23,4
8,22,60,1,2016-05-24,9
8,22,60,2,2016-05-24,5
8,22,60,1,2016-05-25,10
8,22,60,2,2016-05-25,5
8,22,60,1,2016-05-26,9
8,22,60,2,2016-05-26,6
8,22,60,1,2016-05-27,9
8,22,60,2,2016-05-27,6
8,22,60,1,2016-05-28,1
8,22,60,2,2016-05-28,2
8,22,60,1,2016-05-29,0
8,22,60,2,2016-05-29,0
13,33,9,1,2016-05-20,3
13,33,9,2,2016-05-20,2
13,33,9,1,2016-05-21,0
13,33,9,2,2016-05-21,1
13,33,9,1,2016-05-22,0
13,33,9,2,2016-05-22,0
13,33,9,1,2016-05-23,4
13,33,9,2,2016-05-23,1
13,33,9,1,2016-05-24,3
13,33,9,2,2016-05-24,1
13,33,9,1,2016-05-25,3
13,33,9,2,2016-05-25,1
13,33,9,1,2016-05-26,3
13,33,9,2,2016-05-26,2
13,33,9,1,2016-05-27,3
13,33,9,2,2016-05-27,1
13,33,9,1,2016-05-28,0
13,33,9,2,2016-05-28,1
13,33,9,1,2016-05-29,0
13,33,9,2,2016-05-29,0
27,72,93,1,2016-05-20,1
27,72,93,2,2016-05-20,2
27,72,93,1,2016-05-21,0
27,72,93,2,2016-05-21,1
27,72,93,1,2016-05-22,0
27,72,93,2,2016-05-22,0
27,72,93,1,2016-05-23,2
27,72,93,2,2016-05-23,1
27,72,93,1,2016-05-24,1
27,72,93,2,2016-05-24,1
27,72,93,1,2016-05-25,2
27,72,93,2,2016-05-25,2
27,72,93,1,2016-05-26,2
27,72,93,2,2016-05-26,2
27,72,93,1,2016-05-27,1
27,72,93,2,2016-05-27,2
27,72,93,1,2016-05-28,0
27,72,93,2,2016-05-28,1
27,72,93,1,2016-05-29,0
27,72,93,2,2016-05-29,0
23,64,128,1,2016-05-20,0
23,64,128,2,2016-05-20,1
23,64,128,1,2016-05-21,0
23,64,128,2,2016-05-21,0
23,64,128,1,2016-05-22,0
23,64,128,2,2016-05-22,0
23,64,128,1,2016-05-23,0
23,64,128,2,2016-05-23,0
23,64,128,1,2016-05-24,0
23,64,128,2,2016-05-24,1
23,64,128,1,2016-05-25,0
23,64,128,2,2016-05-25,1
23,64,128,1,2016-05-26,0
23,64,128,2,2016-05-26,1
23,64,128,1,2016-05-27,0
23,64,128,2,2016-05-27,1
23,64,128,1,2016-05-28,0
23,64,128,2,2016-05-28,0
23,64,128,1,2016-05-29,0
23,64,128,2,2016-05-29,0
6,14,106,1,2016-05-20,7
6,14,106,2,2016-05-20,7
6,14,106,1,2016-05-21,1
6,14,106,2,2016-05-21,5
6,14,106,1,2016-05-22,0
6,14,106,2,2016-05-22,3
6,14,106,1,2016-05-23,7
6,14,106,2,2016-05-23,5
6,14,106,1,2016-05-24,7
6,14,106,2,2016-05-24,6
6,14,106,1,2016-05-25,7
6,14,106,2,2016-05-25,6
6,14,106,1,2016-05-26,7
6,14,106,2,2016-05-26,7
6,14,106,1,2016-05-27,7
6,14,106,2,2016-05-27,7
6,14,106,1,2016-05-28,1
6,14,106,2,2016-05-28,4
6,14,106,1,2016-05-29,0
6,14,106,2,2016-05-29,3
2,4,17,1,2016-05-20,0
2,4,17,2,2016-05-20,0
2,4,17,1,2016-05-21,0
2,4,17,2,2016-05-21,0
2,4,17,1,2016-05-22,0
2,4,17,2,2016-05-22,0
2,4,17,1,2016-05-23,0
2,4,17,2,2016-05-23,0
2,4,17,1,2016-05-24,0
2,4,17,2,2016-05-24,0
2,4,17,1,2016-05-25,0
2,4,17,2,2016-05-25,0
2,4,17,1,2016-05-26,0
2,4,17,2,2016-05-26,0
2,4,17,1,2016-05-27,0
2,4,17,2,2016-05-27,0
2,4,17,1,2016-05-28,0
2,4,17,2,2016-05-28,0
2,4,17,1,2016-05-29,0
2,4,17,2,2016-05-29,0
2,3,15,1,2016-05-20,1
2,3,15,2,2016-05-20,1
2,3,15,1,2016-05-21,0
2,3,15,2,2016-05-21,0
2,3,15,1,2016-05-22,0
2,3,15,2,2016-05-22,0
2,3,15,1,2016-05-23,1
2,3,15,2,2016-05-23,1
2,3,15,1,2016-05-24,1
2,3,15,2,2016-05-24,1
2,3,15,1,2016-05-25,1
2,3,15,2,2016-05-25,1
2,3,15,1,2016-05-26,1
2,3,15,2,2016-05-26,1
2,3,15,1,2016-05-27,1
2,3,15,2,2016-05-27,1
2,3,15,1,2016-05-28,0
2,3,15,2,2016-05-28,0
2,3,15,1,2016-05-29,0
2,3,15,2,2016-05-29,0
17,45,13,1,2016-05-20,7
17,45,13,2,2016-05-20,5
17,45,13,1,2016-05-21,0
17,45,13,2,2016-05-21,3
17,45,13,1,2016-05-22,0
17,45,13,2,2016-05-22,1
17,45,13,1,2016-05-23,8
17,45,13,2,2016-05-23,4
17,45,13,1,2016-05-24,8
17,45,13,2,2016-05-24,5
17,45,13,1,2016-05-25,8
17,45,13,2,2016-05-25,5
17,45,13,1,2016-05-26,8
17,45,13,2,2016-05-26,5
17,45,13,1,2016-05-27,8
17,45,13,2,2016-05-27,5
17,45,13,1,2016-05-28,0
17,45,13,2,2016-05-28,2
17,45,13,1,2016-05-29,0
17,45,13,2,2016-05-29,1
5,10,97,1,2016-05-20,2
5,10,97,2,2016-05-20,4
5,10,97,1,2016-05-21,0
5,10,97,2,2016-05-21,4
5,10,97,1,2016-05-22,0
5,10,97,2,2016-05-22,3
5,10,97,1,2016-05-23,2
5,10,97,2,2016-05-23,3
5,10,97,1,2016-05-24,2
5,10,97,2,2016-05-24,4
5,10,97,1,2016-05-25,3
5,10,97,2,2016-05-25,4
5,10,97,1,2016-05-26,2
5,10,97,2,2016-05-26,4
5,10,97,1,2016-05-27,2
5,10,97,2,2016-05-27,4
5,10,97,1,2016-05-28,0
5,10,97,2,2016-05-28,3
5,10,97,1,2016-05-29,0
5,10,97,2,2016-05-29,2
22,68,11,1,2016-05-20,4
22,68,11,2,2016-05-20,2
22,68,11,1,2016-05-21,0
22,68,11,2,2016-05-21,1
22,68,11,1,2016-05-22,0
22,68,11,2,2016-05-22,0
22,68,11,1,2016-05-23,4
22,68,11,2,2016-05-23,1
22,68,11,1,2016-05-24,4
22,68,11,2,2016-05-24,1
22,68,11,1,2016-05-25,4
22,68,11,2,2016-05-25,1
22,68,11,1,2016-05-26,4
22,68,11,2,2016-05-26,1
22,68,11,1,2016-05-27,4
22,68,11,2,2016-05-27,1
22,68,11,1,2016-05-28,0
22,68,11,2,2016-05-28,0
22,68,11,1,2016-05-29,0
22,68,11,2,2016-05-29,0
3,5,31,1,2016-05-20,6
3,5,31,2,2016-05-20,2
3,5,31,1,2016-05-21,0
3,5,31,2,2016-05-21,1
3,5,31,1,2016-05-22,0
3,5,31,2,2016-05-22,0
3,5,31,1,2016-05-23,5
3,5,31,2,2016-05-23,2
3,5,31,1,2016-05-24,5
3,5,31,2,2016-05-24,2
3,5,31,1,2016-05-25,5
3,5,31,2,2016-05-25,2
3,5,31,1,2016-05-26,5
3,5,31,2,2016-05-26,2
3,5,31,1,2016-05-27,6
3,5,31,2,2016-05-27,2
3,5,31,1,2016-05-28,1
3,5,31,2,2016-05-28,1
3,5,31,1,2016-05-29,0
3,5,31,2,2016-05-29,0
8,21,59,1,2016-05-20,1
8,21,59,2,2016-05-20,1
8,21,59,1,2016-05-21,0
8,21,59,2,2016-05-21,0
8,21,59,1,2016-05-22,0
8,21,59,2,2016-05-22,0
8,21,59,1,2016-05-23,1
8,21,59,2,2016-05-23,0
8,21,59,1,2016-05-24,1
8,21,59,2,2016-05-24,1
8,21,59,1,2016-05-25,1
8,21,59,2,2016-05-25,1
8,21,59,1,2016-05-26,1
8,21,59,2,2016-05-26,1
8,21,59,1,2016-05-27,1
8,21,59,2,2016-05-27,1
8,21,59,1,2016-05-28,0
8,21,59,2,2016-05-28,0
8,21,59,1,2016-05-29,0
8,21,59,2,2016-05-29,0
3,6,33,1,2016-05-20,0
3,6,33,2,2016-05-20,0
3,6,33,1,2016-05-21,0
3,6,33,2,2016-05-21,0
3,6,33,1,2016-05-22,0
3,6,33,2,2016-05-22,0
3,6,33,1,2016-05-23,0
3,6,33,2,2016-05-23,0
3,6,33,1,2016-05-24,0
3,6,33,2,2016-05-24,0
3,6,33,1,2016-05-25,0
3,6,33,2,2016-05-25,0
3,6,33,1,2016-05-26,0
3,6,33,2,2016-05-26,0
3,6,33,1,2016-05-27,0
3,6,33,2,2016-05-27,0
3,6,33,1,2016-05-28,0
3,6,33,2,2016-05-28,0
3,6,33,1,2016-05-29,0
3,6,33,2,2016-05-29,0
3,6,35,1,2016-05-20,5
3,6,35,2,2016-05-20,2
3,6,35,1,2016-05-21,0
3,6,35,2,2016-05-21,1
3,6,35,1,2016-05-22,0
3,6,35,2,2016-05-22,0
3,6,35,1,2016-05-23,5
3,6,35,2,2016-05-23,1
3,6,35,1,2016-05-24,5
3,6,35,2,2016-05-24,2
3,6,35,1,2016-05-25,5
3,6,35,2,2016-05-25,2
3,6,35,1,2016-05-26,5
3,6,35,2,2016-05-26,2
3,6,35,1,2016-05-27,5
3,6,35,2,2016-05-27,2
3,6,35,1,2016-05-28,0
3,6,35,2,2016-05-28,1
3,6,35,1,2016-05-29,0
3,6,35,2,2016-05-29,0
2,4,19,1,2016-05-20,2
2,4,19,2,2016-05-20,1
2,4,19,1,2016-05-21,0
2,4,19,2,2016-05-21,0
2,4,19,1,2016-05-22,0
2,4,19,2,2016-05-22,0
2,4,19,1,2016-05-23,2
2,4,19,2,2016-05-23,1
2,4,19,1,2016-05-24,2
2,4,19,2,2016-05-24,1
2,4,19,1,2016-05-25,2
2,4,19,2,2016-05-25,1
2,4,19,1,2016-05-26,2
2,4,19,2,2016-05-26,1
2,4,19,1,2016-05-27,2
2,4,19,2,2016-05-27,1
2,4,19,1,2016-05-28,0
2,4,19,2,2016-05-28,0
2,4,19,1,2016-05-29,0
2,4,19,2,2016-05-29,0
14,37,75,1,2016-05-20,3
14,37,75,2,2016-05-20,2
14,37,75,1,2016-05-21,0
14,37,75,2,2016-05-21,0
14,37,75,1,2016-05-22,0
14,37,75,2,2016-05-22,0
14,37,75,1,2016-05-23,4
14,37,75,2,2016-05-23,1
14,37,75,1,2016-05-24,3
14,37,75,2,2016-05-24,2
14,37,75,1,2016-05-25,4
14,37,75,2,2016-05-25,2
14,37,75,1,2016-05-26,4
14,37,75,2,2016-05-26,2
14,37,75,1,2016-05-27,3
14,37,75,2,2016-05-27,2
14,37,75,1,2016-05-28,0
14,37,75,2,2016-05-28,0
14,37,75,1,2016-05-29,0
14,37,75,2,2016-05-29,0
8,19,55,1,2016-05-20,4
8,19,55,2,2016-05-20,2
8,19,55,1,2016-05-21,0
8,19,55,2,2016-05-21,0
8,19,55,1,2016-05-22,0
8,19,55,2,2016-05-22,0
8,19,55,1,2016-05-23,4
8,19,55,2,2016-05-23,1
8,19,55,1,2016-05-24,4
8,19,55,2,2016-05-24,2
8,19,55,1,2016-05-25,4
8,19,55,2,2016-05-25,2
8,19,55,1,2016-05-26,4
8,19,55,2,2016-05-26,2
8,19,55,1,2016-05-27,4
8,19,55,2,2016-05-27,2
8,19,55,1,2016-05-28,0
8,19,55,2,2016-05-28,0
8,19,55,1,2016-05-29,0
8,19,55,2,2016-05-29,0
14,38,77,1,2016-05-20,6
14,38,77,2,2016-05-20,6
14,38,77,1,2016-05-21,0
14,38,77,2,2016-05-21,4
14,38,77,1,2016-05-22,0
14,38,77,2,2016-05-22,2
14,38,77,1,2016-05-23,6
14,38,77,2,2016-05-23,4
14,38,77,1,2016-05-24,6
14,38,77,2,2016-05-24,6
14,38,77,1,2016-05-25,7
14,38,77,2,2016-05-25,6
14,38,77,1,2016-05-26,7
14,38,77,2,2016-05-26,6
14,38,77,1,2016-05-27,6
14,38,77,2,2016-05-27,6
14,38,77,1,2016-05-28,1
14,38,77,2,2016-05-28,4
14,38,77,1,2016-05-29,0
14,38,77,2,2016-05-29,2
19,53,119,1,2016-05-20,0
19,53,119,2,2016-05-20,0
19,53,119,1,2016-05-21,0
19,53,119,2,2016-05-21,0
19,53,119,1,2016-05-22,0
19,53,119,2,2016-05-22,0
19,53,119,1,2016-05-23,0
19,53,119,2,2016-05-23,0
19,53,119,1,2016-05-24,0
19,53,119,2,2016-05-24,0
19,53,119,1,2016-05-25,0
19,53,119,2,2016-05-25,0
19,53,119,1,2016-05-26,0
19,53,119,2,2016-05-26,0
19,53,119,1,2016-05-27,0
19,53,119,2,2016-05-27,0
19,53,119,1,2016-05-28,0
19,53,119,2,2016-05-28,0
19,53,119,1,2016-05-29,0
19,53,119,2,2016-05-29,0
4,7,37,1,2016-05-20,11
4,7,37,2,2016-05-20,7
4,7,37,1,2016-05-21,1
4,7,37,2,2016-05-21,3
4,7,37,1,2016-05-22,0
4,7,37,2,2016-05-22,1
4,7,37,1,2016-05-23,11
4,7,37,2,2016-05-23,4
4,7,37,1,2016-05-24,10
4,7,37,2,2016-05-24,5
4,7,37,1,2016-05-25,11
4,7,37,2,2016-05-25,5
4,7,37,1,2016-05-26,12
4,7,37,2,2016-05-26,6
4,7,37,1,2016-05-27,11
4,7,37,2,2016-05-27,6
4,7,37,1,2016-05-28,2
4,7,37,2,2016-05-28,3
4,7,37,1,2016-05-29,0
4,7,37,2,2016-05-29,0
14,36,73,1,2016-05-20,2
14,36,73,2,2016-05-20,1
14,36,73,1,2016-05-21,0
14,36,73,2,2016-05-21,1
14,36,73,1,2016-05-22,0
14,36,73,2,2016-05-22,0
14,36,73,1,2016-05-23,3
14,36,73,2,2016-05-23,0
14,36,73,1,2016-05-24,3
14,36,73,2,2016-05-24,1
14,36,73,1,2016-05-25,3
14,36,73,2,2016-05-25,1
14,36,73,1,2016-05-26,3
14,36,73,2,2016-05-26,1
14,36,73,1,2016-05-27,3
14,36,73,2,2016-05-27,1
14,36,73,1,2016-05-28,0
14,36,73,2,2016-05-28,0
14,36,73,1,2016-05-29,0
14,36,73,2,2016-05-29,0
18,51,115,1,2016-05-20,0
18,51,115,2,2016-05-20,0
18,51,115,1,2016-05-21,0
18,51,115,2,2016-05-21,0
18,51,115,1,2016-05-22,0
18,51,115,2,2016-05-22,0
18,51,115,1,2016-05-23,0
18,51,115,2,2016-05-23,0
18,51,115,1,2016-05-24,0
18,51,115,2,2016-05-24,0
18,51,115,1,2016-05-25,0
18,51,115,2,2016-05-25,0
18,51,115,1,2016-05-26,0
18,51,115,2,2016-05-26,0
18,51,115,1,2016-05-27,0
18,51,115,2,2016-05-27,0
18,51,115,1,2016-05-28,0
18,51,115,2,2016-05-28,0
18,51,115,1,2016-05-29,0
18,51,115,2,2016-05-29,0
7,16,100,1,2016-05-20,4
7,16,100,2,2016-05-20,6
7,16,100,1,2016-05-21,0
7,16,100,2,2016-05-21,4
7,16,100,1,2016-05-22,0
7,16,100,2,2016-05-22,2
7,16,100,1,2016-05-23,5
7,16,100,2,2016-05-23,5
7,16,100,1,2016-05-24,4
7,16,100,2,2016-05-24,5
7,16,100,1,2016-05-25,5
7,16,100,2,2016-05-25,5
7,16,100,1,2016-05-26,5
7,16,100,2,2016-05-26,6
7,16,100,1,2016-05-27,4
7,16,100,2,2016-05-27,5
7,16,100,1,2016-05-28,0
7,16,100,2,2016-05-28,4
7,16,100,1,2016-05-29,0
7,16,100,2,2016-05-29,2
19,52,117,1,2016-05-20,0
19,52,117,2,2016-05-20,0
19,52,117,1,2016-05-21,0
19,52,117,2,2016-05-21,0
19,52,117,1,2016-05-22,0
19,52,117,2,2016-05-22,0
19,52,117,1,2016-05-23,0
19,52,117,2,2016-05-23,0
19,52,117,1,2016-05-24,0
19,52,117,2,2016-05-24,0
19,52,117,1,2016-05-25,0
19,52,117,2,2016-05-25,0
19,52,117,1,2016-05-26,0
19,52,117,2,2016-05-26,0
19,52,117,1,2016-05-27,0
19,52,117,2,2016-05-27,0
19,52,117,1,2016-05-28,0
19,52,117,2,2016-05-28,0
19,52,117,1,2016-05-29,0
19,52,117,2,2016-05-29,0
14,38,79,1,2016-05-20,2
14,38,79,2,2016-05-20,1
14,38,79,1,2016-05-21,0
14,38,79,2,2016-05-21,1
14,38,79,1,2016-05-22,0
14,38,79,2,2016-05-22,0
14,38,79,1,2016-05-23,2
14,38,79,2,2016-05-23,0
14,38,79,1,2016-05-24,2
14,38,79,2,2016-05-24,1
14,38,79,1,2016-05-25,2
14,38,79,2,2016-05-25,1
14,38,79,1,2016-05-26,2
14,38,79,2,2016-05-26,1
14,38,79,1,2016-05-27,2
14,38,79,2,2016-05-27,1
14,38,79,1,2016-05-28,0
14,38,79,2,2016-05-28,0
14,38,79,1,2016-05-29,0
14,38,79,2,2016-05-29,0
16,44,91,1,2016-05-20,5
16,44,91,2,2016-05-20,3
16,44,91,1,2016-05-21,0
16,44,91,2,2016-05-21,1
16,44,91,1,2016-05-22,0
16,44,91,2,2016-05-22,0
16,44,91,1,2016-05-23,6
16,44,91,2,2016-05-23,2
16,44,91,1,2016-05-24,5
16,44,91,2,2016-05-24,3
16,44,91,1,2016-05-25,6
16,44,91,2,2016-05-25,3
16,44,91,1,2016-05-26,6
16,44,91,2,2016-05-26,3
16,44,91,1,2016-05-27,6
16,44,91,2,2016-05-27,3
16,44,91,1,2016-05-28,0
16,44,91,2,2016-05-28,1
16,44,91,1,2016-05-29,0
16,44,91,2,2016-05-29,0
23,63,126,1,2016-05-20,4
23,63,126,2,2016-05-20,3
23,63,126,1,2016-05-21,0
23,63,126,2,2016-05-21,1
23,63,126,1,2016-05-22,0
23,63,126,2,2016-05-22,0
23,63,126,1,2016-05-23,4
23,63,126,2,2016-05-23,2
23,63,126,1,2016-05-24,4
23,63,126,2,2016-05-24,3
23,63,126,1,2016-05-25,4
23,63,126,2,2016-05-25,3
23,63,126,1,2016-05-26,4
23,63,126,2,2016-05-26,3
23,63,126,1,2016-05-27,4
23,63,126,2,2016-05-27,3
23,63,126,1,2016-05-28,0
23,63,126,2,2016-05-28,1
23,63,126,1,2016-05-29,0
23,63,126,2,2016-05-29,0
7,18,137,1,2016-05-20,3
7,18,137,2,2016-05-20,2
7,18,137,1,2016-05-21,0
7,18,137,2,2016-05-21,1
7,18,137,1,2016-05-22,0
7,18,137,2,2016-05-22,0
7,18,137,1,2016-05-23,3
7,18,137,2,2016-05-23,1
7,18,137,1,2016-05-24,3
7,18,137,2,2016-05-24,2
7,18,137,1,2016-05-25,3
7,18,137,2,2016-05-25,2
7,18,137,1,2016-05-26,3
7,18,137,2,2016-05-26,2
7,18,137,1,2016-05-27,3
7,18,137,2,2016-05-27,2
7,18,137,1,2016-05-28,0
7,18,137,2,2016-05-28,1
7,18,137,1,2016-05-29,0
7,18,137,2,2016-05-29,0
18,49,111,1,2016-05-20,8
18,49,111,2,2016-05-20,5
18,49,111,1,2016-05-21,0
18,49,111,2,2016-05-21,2
18,49,111,1,2016-05-22,0
18,49,111,2,2016-05-22,0
18,49,111,1,2016-05-23,9
18,49,111,2,2016-05-23,3
18,49,111,1,2016-05-24,9
18,49,111,2,2016-05-24,4
18,49,111,1,2016-05-25,9
18,49,111,2,2016-05-25,4
18,49,111,1,2016-05-26,9
18,49,111,2,2016-05-26,5
18,49,111,1,2016-05-27,8
18,49,111,2,2016-05-27,5
18,49,111,1,2016-05-28,0
18,49,111,2,2016-05-28,1
18,49,111,1,2016-05-29,0
18,49,111,2,2016-05-29,0
22,70,135,1,2016-05-20,6
22,70,135,2,2016-05-20,4
22,70,135,1,2016-05-21,1
22,70,135,2,2016-05-21,2
22,70,135,1,2016-05-22,0
22,70,135,2,2016-05-22,0
22,70,135,1,2016-05-23,6
22,70,135,2,2016-05-23,3
22,70,135,1,2016-05-24,6
22,70,135,2,2016-05-24,4
22,70,135,1,2016-05-25,6
22,70,135,2,2016-05-25,3
22,70,135,1,2016-05-26,6
22,70,135,2,2016-05-26,4
22,70,135,1,2016-05-27,6
22,70,135,2,2016-05-27,4
22,70,135,1,2016-05-28,1
22,70,135,2,2016-05-28,1
22,70,135,1,2016-05-29,0
22,70,135,2,2016-05-29,0
4,8,39,1,2016-05-20,4
4,8,39,2,2016-05-20,3
4,8,39,1,2016-05-21,0
4,8,39,2,2016-05-21,1
4,8,39,1,2016-05-22,0
4,8,39,2,2016-05-22,0
4,8,39,1,2016-05-23,4
4,8,39,2,2016-05-23,2
4,8,39,1,2016-05-24,4
4,8,39,2,2016-05-24,2
4,8,39,1,2016-05-25,4
4,8,39,2,2016-05-25,2
4,8,39,1,2016-05-26,4
4,8,39,2,2016-05-26,3
4,8,39,1,2016-05-27,4
4,8,39,2,2016-05-27,3
4,8,39,1,2016-05-28,0
4,8,39,2,2016-05-28,1
4,8,39,1,2016-05-29,0
4,8,39,2,2016-05-29,0
12,31,44,1,2016-05-20,3
12,31,44,2,2016-05-20,2
12,31,44,1,2016-05-21,0
12,31,44,2,2016-05-21,0
12,31,44,1,2016-05-22,0
12,31,44,2,2016-05-22,0
12,31,44,1,2016-05-23,3
12,31,44,2,2016-05-23,1
12,31,44,1,2016-05-24,3
12,31,44,2,2016-05-24,2
12,31,44,1,2016-05-25,3
12,31,44,2,2016-05-25,2
12,31,44,1,2016-05-26,3
12,31,44,2,2016-05-26,2
12,31,44,1,2016-05-27,3
12,31,44,2,2016-05-27,2
12,31,44,1,2016-05-28,0
12,31,44,2,2016-05-28,0
12,31,44,1,2016-05-29,0
12,31,44,2,2016-05-29,0
15,40,88,1,2016-05-20,10
15,40,88,2,2016-05-20,8
15,40,88,1,2016-05-21,2
15,40,88,2,2016-05-21,4
15,40,88,1,2016-05-22,0
15,40,88,2,2016-05-22,2
15,40,88,1,2016-05-23,10
15,40,88,2,2016-05-23,5
15,40,88,1,2016-05-24,11
15,40,88,2,2016-05-24,7
15,40,88,1,2016-05-25,11
15,40,88,2,2016-05-25,7
15,40,88,1,2016-05-26,11
15,40,88,2,2016-05-26,8
15,40,88,1,2016-05-27,10
15,40,88,2,2016-05-27,8
15,40,88,1,2016-05-28,3
15,40,88,2,2016-05-28,4
15,40,88,1,2016-05-29,0
15,40,88,2,2016-05-29,2
24,67,131,1,2016-05-20,5
24,67,131,2,2016-05-20,4
24,67,131,1,2016-05-21,0
24,67,131,2,2016-05-21,2
24,67,131,1,2016-05-22,0
24,67,131,2,2016-05-22,1
24,67,131,1,2016-05-23,6
24,67,131,2,2016-05-23,3
24,67,131,1,2016-05-24,6
24,67,131,2,2016-05-24,4
24,67,131,1,2016-05-25,6
24,67,131,2,2016-05-25,4
24,67,131,1,2016-05-26,6
24,67,131,2,2016-05-26,4
24,67,131,1,2016-05-27,6
24,67,131,2,2016-05-27,4
24,67,131,1,2016-05-28,0
24,67,131,2,2016-05-28,2
24,67,131,1,2016-05-29,0
24,67,131,2,2016-05-29,1
20,55,68,1,2016-05-20,2
20,55,68,2,2016-05-20,1
20,55,68,1,2016-05-21,0
20,55,68,2,2016-05-21,1
20,55,68,1,2016-05-22,0
20,55,68,2,2016-05-22,0
20,55,68,1,2016-05-23,2
20,55,68,2,2016-05-23,1
20,55,68,1,2016-05-24,2
20,55,68,2,2016-05-24,1
20,55,68,1,2016-05-25,2
20,55,68,2,2016-05-25,1
20,55,68,1,2016-05-26,2
20,55,68,2,2016-05-26,1
20,55,68,1,2016-05-27,2
20,55,68,2,2016-05-27,2
20,55,68,1,2016-05-28,0
20,55,68,2,2016-05-28,1
20,55,68,1,2016-05-29,0
20,55,68,2,2016-05-29,0
7,17,139,1,2016-05-20,5
7,17,139,2,2016-05-20,4
7,17,139,1,2016-05-21,0
7,17,139,2,2016-05-21,3
7,17,139,1,2016-05-22,0
7,17,139,2,2016-05-22,1
7,17,139,1,2016-05-23,5
7,17,139,2,2016-05-23,3
7,17,139,1,2016-05-24,5
7,17,139,2,2016-05-24,4
7,17,139,1,2016-05-25,5
7,17,139,2,2016-05-25,4
7,17,139,1,2016-05-26,5
7,17,139,2,2016-05-26,4
7,17,139,1,2016-05-27,5
7,17,139,2,2016-05-27,4
7,17,139,1,2016-05-28,0
7,17,139,2,2016-05-28,2
7,17,139,1,2016-05-29,0
7,17,139,2,2016-05-29,1
11,29,46,1,2016-05-20,5
11,29,46,2,2016-05-20,3
11,29,46,1,2016-05-21,0
11,29,46,2,2016-05-21,1
11,29,46,1,2016-05-22,0
11,29,46,2,2016-05-22,0
11,29,46,1,2016-05-23,5
11,29,46,2,2016-05-23,2
11,29,46,1,2016-05-24,5
11,29,46,2,2016-05-24,2
11,29,46,1,2016-05-25,6
11,29,46,2,2016-05-25,2
11,29,46,1,2016-05-26,5
11,29,46,2,2016-05-26,2
11,29,46,1,2016-05-27,5
11,29,46,2,2016-05-27,3
11,29,46,1,2016-05-28,0
11,29,46,2,2016-05-28,1
11,29,46,1,2016-05-29,0
11,29,46,2,2016-05-29,0
23,62,124,1,2016-05-20,3
23,62,124,2,2016-05-20,2
23,62,124,1,2016-05-21,0
23,62,124,2,2016-05-21,1
23,62,124,1,2016-05-22,0
23,62,124,2,2016-05-22,0
23,62,124,1,2016-05-23,4
23,62,124,2,2016-05-23,1
23,62,124,1,2016-05-24,4
23,62,124,2,2016-05-24,2
23,62,124,1,2016-05-25,4
23,62,124,2,2016-05-25,2
23,62,124,1,2016-05-26,4
23,62,124,2,2016-05-26,2
23,62,124,1,2016-05-27,4
23,62,124,2,2016-05-27,2
23,62,124,1,2016-05-28,0
23,62,124,2,2016-05-28,0
23,62,124,1,2016-05-29,0
23,62,124,2,2016-05-29,0
25,60,26,1,2016-05-20,3
25,60,26,2,2016-05-20,2
25,60,26,1,2016-05-21,0
25,60,26,2,2016-05-21,1
25,60,26,1,2016-05-22,0
25,60,26,2,2016-05-22,0
25,60,26,1,2016-05-23,4
25,60,26,2,2016-05-23,2
25,60,26,1,2016-05-24,3
25,60,26,2,2016-05-24,2
25,60,26,1,2016-05-25,4
25,60,26,2,2016-05-25,2
25,60,26,1,2016-05-26,3
25,60,26,2,2016-05-26,2
25,60,26,1,2016-05-27,3
25,60,26,2,2016-05-27,2
25,60,26,1,2016-05-28,0
25,60,26,2,2016-05-28,0
25,60,26,1,2016-05-29,0
25,60,26,2,2016-05-29,0
6,12,24,1,2016-05-20,5
6,12,24,2,2016-05-20,3
6,12,24,1,2016-05-21,0
6,12,24,2,2016-05-21,2
6,12,24,1,2016-05-22,0
6,12,24,2,2016-05-22,0
6,12,24,1,2016-05-23,5
6,12,24,2,2016-05-23,2
6,12,24,1,2016-05-24,5
6,12,24,2,2016-05-24,2
6,12,24,1,2016-05-25,5
6,12,24,2,2016-05-25,3
6,12,24,1,2016-05-26,5
6,12,24,2,2016-05-26,3
6,12,24,1,2016-05-27,5
6,12,24,2,2016-05-27,3
6,12,24,1,2016-05-28,0
6,12,24,2,2016-05-28,1
6,12,24,1,2016-05-29,0
6,12,24,2,2016-05-29,0
21,58,95,1,2016-05-20,3
21,58,95,2,2016-05-20,2
21,58,95,1,2016-05-21,0
21,58,95,2,2016-05-21,1
21,58,95,1,2016-05-22,0
21,58,95,2,2016-05-22,0
21,58,95,1,2016-05-23,3
21,58,95,2,2016-05-23,2
21,58,95,1,2016-05-24,3
21,58,95,2,2016-05-24,2
21,58,95,1,2016-05-25,3
21,58,95,2,2016-05-25,2
21,58,95,1,2016-05-26,3
21,58,95,2,2016-05-26,3
21,58,95,1,2016-05-27,3
21,58,95,2,2016-05-27,2
21,58,95,1,2016-05-28,0
21,58,95,2,2016-05-28,1
21,58,95,1,2016-05-29,0
21,58,95,2,2016-05-29,1
10,24,28,1,2016-05-20,7
10,24,28,2,2016-05-20,3
10,24,28,1,2016-05-21,0
10,24,28,2,2016-05-21,1
10,24,28,1,2016-05-22,0
10,24,28,2,2016-05-22,0
10,24,28,1,2016-05-23,8
10,24,28,2,2016-05-23,2
10,24,28,1,2016-05-24,7
10,24,28,2,2016-05-24,3
10,24,28,1,2016-05-25,7
10,24,28,2,2016-05-25,3
10,24,28,1,2016-05-26,7
10,24,28,2,2016-05-26,3
10,24,28,1,2016-05-27,7
10,24,28,2,2016-05-27,3
10,24,28,1,2016-05-28,0
10,24,28,2,2016-05-28,1
10,24,28,1,2016-05-29,0
10,24,28,2,2016-05-29,0
9,28,62,1,2016-05-20,5
9,28,62,2,2016-05-20,3
9,28,62,1,2016-05-21,0
9,28,62,2,2016-05-21,1
9,28,62,1,2016-05-22,0
9,28,62,2,2016-05-22,0
9,28,62,1,2016-05-23,6
9,28,62,2,2016-05-23,2
9,28,62,1,2016-05-24,5
9,28,62,2,2016-05-24,3
9,28,62,1,2016-05-25,6
9,28,62,2,2016-05-25,3
9,28,62,1,2016-05-26,5
9,28,62,2,2016-05-26,3
9,28,62,1,2016-05-27,5
9,28,62,2,2016-05-27,3
9,28,62,1,2016-05-28,0
9,28,62,2,2016-05-28,1
9,28,62,1,2016-05-29,0
9,28,62,2,2016-05-29,0
16,43,48,1,2016-05-20,0
16,43,48,2,2016-05-20,1
16,43,48,1,2016-05-21,0
16,43,48,2,2016-05-21,0
16,43,48,1,2016-05-22,0
16,43,48,2,2016-05-22,0
16,43,48,1,2016-05-23,1
16,43,48,2,2016-05-23,0
16,43,48,1,2016-05-24,0
16,43,48,2,2016-05-24,0
16,43,48,1,2016-05-25,1
16,43,48,2,2016-05-25,0
16,43,48,1,2016-05-26,1
16,43,48,2,2016-05-26,1
16,43,48,1,2016-05-27,1
16,43,48,2,2016-05-27,1
16,43,48,1,2016-05-28,0
16,43,48,2,2016-05-28,0
16,43,48,1,2016-05-29,0
16,43,48,2,2016-05-29,0
10,23,22,1,2016-05-20,3
10,23,22,2,2016-05-20,2
10,23,22,1,2016-05-21,0
10,23,22,2,2016-05-21,1
10,23,22,1,2016-05-22,0
10,23,22,2,2016-05-22,0
10,23,22,1,2016-05-23,3
10,23,22,2,2016-05-23,1
10,23,22,1,2016-05-24,3
10,23,22,2,2016-05-24,1
10,23,22,1,2016-05-25,3
10,23,22,2,2016-05-25,2
10,23,22,1,2016-05-26,3
10,23,22,2,2016-05-26,2
10,23,22,1,2016-05-27,3
10,23,22,2,2016-05-27,2
10,23,22,1,2016-05-28,0
10,23,22,2,2016-05-28,0
10,23,22,1,2016-05-29,0
10,23,22,2,2016-05-29,0
26,71,99,1,2016-05-20,4
26,71,99,2,2016-05-20,2
26,71,99,1,2016-05-21,0
26,71,99,2,2016-05-21,0
26,71,99,1,2016-05-22,0
26,71,99,2,2016-05-22,0
26,71,99,1,2016-05-23,4
26,71,99,2,2016-05-23,1
26,71,99,1,2016-05-24,3
26,71,99,2,2016-05-24,1
26,71,99,1,2016-05-25,4
26,71,99,2,2016-05-25,1
26,71,99,1,2016-05-26,4
26,71,99,2,2016-05-26,2
26,71,99,1,2016-05-27,4
26,71,99,2,2016-05-27,2
26,71,99,1,2016-05-28,0
26,71,99,2,2016-05-28,0
26,71,99,1,2016-05-29,0
26,71,99,2,2016-05-29,0
2,4,20,1,2016-05-20,0
2,4,20,2,2016-05-20,0
2,4,20,1,2016-05-21,0
2,4,20,2,2016-05-21,0
2,4,20,1,2016-05-22,0
2,4,20,2,2016-05-22,0
2,4,20,1,2016-05-23,0
2,4,20,2,2016-05-23,0
2,4,20,1,2016-05-24,0
2,4,20,2,2016-05-24,0
2,4,20,1,2016-05-25,0
2,4,20,2,2016-05-25,0
2,4,20,1,2016-05-26,0
2,4,20,2,2016-05-26,0
2,4,20,1,2016-05-27,0
2,4,20,2,2016-05-27,0
2,4,20,1,2016-05-28,0
2,4,20,2,2016-05-28,0
2,4,20,1,2016-05-29,0
2,4,20,2,2016-05-29,0
4,8,40,1,2016-05-20,5
4,8,40,2,2016-05-20,4
4,8,40,1,2016-05-21,1
4,8,40,2,2016-05-21,2
4,8,40,1,2016-05-22,0
4,8,40,2,2016-05-22,0
4,8,40,1,2016-05-23,6
4,8,40,2,2016-05-23,3
4,8,40,1,2016-05-24,5
4,8,40,2,2016-05-24,4
4,8,40,1,2016-05-25,5
4,8,40,2,2016-05-25,4
4,8,40,1,2016-05-26,5
4,8,40,2,2016-05-26,4
4,8,40,1,2016-05-27,5
4,8,40,2,2016-05-27,4
4,8,40,1,2016-05-28,1
4,8,40,2,2016-05-28,1
4,8,40,1,2016-05-29,0
4,8,40,2,2016-05-29,0
20,54,42,1,2016-05-20,6
20,54,42,2,2016-05-20,4
20,54,42,1,2016-05-21,1
20,54,42,2,2016-05-21,2
20,54,42,1,2016-05-22,0
20,54,42,2,2016-05-22,0
20,54,42,1,2016-05-23,6
20,54,42,2,2016-05-23,2
20,54,42,1,2016-05-24,6
20,54,42,2,2016-05-24,3
20,54,42,1,2016-05-25,6
20,54,42,2,2016-05-25,3
20,54,42,1,2016-05-26,6
20,54,42,2,2016-05-26,4
20,54,42,1,2016-05-27,6
20,54,42,2,2016-05-27,3
20,54,42,1,2016-05-28,1
20,54,42,2,2016-05-28,1
20,54,42,1,2016-05-29,0
20,54,42,2,2016-05-29,0
