codice_istat,indice_istruzione
98001,31.02
15002,40.75
87001,49.07
43001,36.54
55001,39.59
85001,28.22
72002,40.66
104001,38.33
104002,34.87
42001,45.71
78004,28.91
96001,25.75
25002,28.52
95003,26.25
13003,37.15
13004,35.91
78006,27.56
81001,37.02
6003,40.24
83002,29.64
2004,31.16
95005,22.08
1007,38.89
9005,31.44
78009,31.95
16008,37.6
30002,39.42
30003,30.68
79005,30.54
17005,21.8
65007,43.29
97003,33.79
66004,40.82
37001,37.06
8002,35.57
8003,25.32
84003,41.78
58008,38.78
15007,36.77
51002,46.4
4007,25.15
58009,48.74
7004,30.88
3008,42.32
25004,28.93
30006,38.81
16013,34.81
24010,29.93
92003,37.54
65011,47.59
91003,29.02
103005,21.11
66006,54.83
55033,36.53
16016,37.94
63006,39.05
29004,33.76
16018,32.23
28008,27.7
61006,37.55
1016,37.21
82007,29.24
103007,22.78
70002,35.34
48002,34.26
83005,44.96
34002,25.55
72006,46.75
66009,39.94
97007,35.16
22009,38.54
30009,34.72
28011,37.69
95013,24.48
79009,24.66
18013,35.52
67006,33.78
94004,25.36
101001,25.78
62008,53.54
34004,29.96
16024,53.68
98002,31.76
16025,23.18
11003,34.32
3018,32.9
35004,35.22
13023,32.35
17019,20.29
91009,31.98
16027,24.19
28012,32.0
3021,35.92
16028,24.0
21008,45.39
36002,37.69
23009,29.62
4023,27.66
19007,24.66
79011,40.51
16032,32.14
98005,33.56
20006,27.55
1031,30.85
17022,31.21
26004,34.81
95079,36.28
18020,31.93
16034,26.95
23012,29.04
58013,56.42
17026,24.05
16038,32.32
13029,34.85
24016,30.5
102003,37.44
3026,34.61
68004,22.82
83007,43.4
1038,40.6
5010,40.13
96007,29.4
104008,24.97
47003,36.53
78020,28.06
1042,45.66
1043,32.12
15041,34.9
5012,37.68
28016,40.82
65019,33.06
71008,25.41
64014,34.62
80016,33.87
50004,42.77
21015,32.94
24018,37.75
22035,44.37
84007,32.76
76015,29.45
55008,35.85
63012,34.98
5016,33.42
43007,55.14
65022,38.0
35009,33.95
48006,31.57
10008,36.9
84010,34.51
30016,47.45
62014,38.29
76017,32.39
36004,33.75
4037,30.32
28021,27.27
5017,31.52
89005,36.87
80020,23.29
66018,41.18
13041,37.62
65025,39.75
58018,47.81
61013,46.9
92011,44.59
58019,34.34
103018,27.03
6029,41.78
72014,39.09
68007,32.83
18030,37.01
76019,23.69
2029,27.69
2030,26.08
78025,39.28
30018,25.9
100002,34.66
16056,27.36
6033,38.44
35011,32.93
4043,31.45
6036,29.25
16057,29.7
69015,37.21
70012,30.12
23019,25.55
19020,30.59
3040,31.65
61020,30.41
12037,31.61
61021,46.94
10011,37.15
63021,33.45
98012,30.84
35013,35.23
12039,37.82
14013,22.37
72016,42.75
6044,32.25
23020,27.06
64022,40.45
42009,28.28
94009,38.41
51008,31.99
20015,26.86
51010,30.2
56017,38.35
20013,31.54
19023,32.53
64023,34.17
5025,35.63
72017,39.54
4048,35.19
96015,24.3
5027,20.42
60020,42.08
14014,20.54
37018,35.3
70015,21.27
93011,27.69
71017,33.41
58024,54.1
60021,37.72
90023,27.79
12045,39.75
19027,28.57
51012,38.45
37022,34.51
67013,28.63
67014,32.98
75096,35.02
84013,27.85
70016,33.99
65037,43.97
3045,27.84
13062,7.37
6055,30.74
98017,32.21
60024,39.96
82026,34.86
5033,29.68
5034,28.05
74004,31.51
4061,28.59
68011,41.13
70018,30.82
63026,40.37
1072,31.72
78037,48.06
97020,43.72
96018,28.92
23026,32.07
58028,42.19
30023,41.54
61029,34.55
26015,31.11
17050,30.71
7013,32.28
64027,44.98
90025,24.97
25012,28.77
71021,28.94
1080,33.01
8019,33.64
52011,39.79
1083,28.33
18050,31.38
82030,29.9
80027,34.41
1085,53.14
4070,28.79
54012,39.84
2043,28.05
56021,39.07
58033,42.33
4071,25.07
12053,32.0
26019,29.0
66038,42.89
52012,40.31
57020,34.78
66040,25.96
23027,33.02
58035,47.22
98020,33.37
3052,38.99
24033,24.08
1093,36.33
67020,32.41
6061,40.64
60030,47.6
75023,37.43
21023,25.17
30030,33.92
33017,25.25
33018,33.44
21026,32.56
8023,24.34
6062,33.88
8024,34.18
2048,28.29
16088,30.07
3055,34.22
73004,33.87
19038,28.04
6064,37.87
12059,26.48
42016,33.99
79039,39.41
13085,20.3
75026,33.72
16091,35.65
92016,22.92
85006,35.2
17067,45.18
4080,37.3
22075,33.9
8029,31.78
97031,30.36
92020,26.52
22077,27.45
7024,31.81
4082,32.09
28106,36.18
68018,27.87
7025,31.89
86009,47.66
81008,45.34
43016,34.89
6067,28.37
102010,19.68
39010,42.26
78052,34.41
69104,26.36
3065,37.37
4086,27.94
26026,31.7
1102,32.03
25021,39.72
38008,48.75
5053,28.76
58036,51.48
48015,48.83
48016,37.52
102013,36.89
13102,35.86
33021,39.02
30038,34.34
22086,31.41
1106,33.26
54018,49.12
83023,32.3
3066,30.83
26029,31.03
14029,28.18
64034,34.91
103031,39.58
30042,25.46
46013,46.32
54019,37.19
4090,36.45
62034,38.4
61036,30.78
22090,18.28
63033,27.76
6074,35.26
93024,34.83
60039,27.21
65053,42.75
59009,56.87
66045,40.17
26031,29.37
98027,38.85
18066,24.32
91027,21.72
4094,20.7
40015,33.18
23036,39.84
21035,37.29
3071,34.66
16110,23.31
53010,31.65
58042,39.57
10025,45.57
1113,29.88
16112,24.22
106006,21.67
61040,44.15
87017,47.05
70026,24.82
65057,39.05
80039,34.92
60041,36.74
75033,30.58
12077,30.3
92027,18.2
95024,23.96
16115,54.87
4097,21.02
56029,32.77
5056,25.66
13111,28.07
103035,26.94
5057,34.82
61043,30.56
4100,36.96
16118,29.93
73008,36.25
80040,20.92
75034,33.64
83035,29.78
2066,36.7
4101,36.53
15112,43.96
107009,42.93
97039,47.3
12082,42.33
18077,32.76
102017,50.12
92114,38.6
67026,35.05
101013,24.08
12084,42.68
26035,34.72
105009,35.55
84019,41.94
7039,35.48
21037,28.19
24049,25.47
21039,23.51
36018,28.44
47005,30.37
1128,39.26
22100,30.23
56032,32.46
30046,37.39
80042,27.96
12086,28.01
23043,36.63
10029,47.83
13125,36.3
25028,27.78
4108,27.16
30048,31.08
13126,29.5
58051,28.89
35025,26.18
18081,36.98
18082,26.45
2071,30.27
9034,37.92
16127,24.32
104013,36.33
18083,27.5
78067,33.24
1137,38.76
29030,24.78
12091,40.89
56033,33.63
39012,40.73
10031,25.2
78069,38.24
1140,23.76
21044,23.83
43023,52.82
4112,40.43
16131,25.23
66053,43.45
75039,50.15
102020,34.96
17099,29.56
30054,36.37
21046,27.98
44027,40.46
3090,37.21
4115,25.29
68022,39.91
23046,38.68
36020,34.42
12097,26.65
18086,37.92
1144,43.77
58057,49.12
4119,26.87
56034,38.43
19057,33.53
67047,36.6
12099,38.13
12100,39.75
66054,51.55
63044,39.08
28050,33.07
77014,53.13
71031,35.47
18088,29.11
16250,30.48
28051,32.29
80048,33.33
63045,31.67
8034,33.68
6093,28.83
41026,35.23
74010,35.42
101015,29.41
18092,31.04
82047,28.11
26042,32.01
88001,24.15
76002,35.39
87003,42.91
87005,45.41
17001,24.46
75001,27.32
15146,54.45
87025,28.65
9039,29.38
6094,27.58
27024,40.59
88006,40.17
97050,36.43
4123,26.34
66055,40.27
70039,24.64
94001,39.84
47002,28.35
80002,30.75
4125,27.97
1154,28.21
26044,32.25
6099,28.87
5070,38.72
68001,31.32
4001,31.79
63001,36.64
56001,38.25
3001,43.43
95002,23.21
86002,35.94
78005,21.9
97002,31.47
5071,38.36
96035,26.89
28055,38.84
6102,20.92
28056,37.44
5074,30.11
44032,35.26
57039,33.82
43027,22.05
24063,26.62
57043,33.39
42030,43.12
6002,28.04
22002,28.89
16004,32.73
13005,31.72
14002,31.67
70001,27.82
6001,37.57
33001,37.93
1001,36.04
17003,21.79
64052,34.46
6105,36.14
55018,34.1
65073,35.61
85011,33.11
36025,30.43
55019,39.42
24065,30.81
69053,25.64
57041,34.45
4138,21.35
13155,20.18
44044,31.19
52015,41.46
37041,39.99
75049,36.14
103047,26.99
21001,23.11
55002,35.06
16007,29.84
33002,33.87
13006,33.54
6007,33.89
26001,29.52
30001,35.23
62001,49.62
1003,30.31
68024,51.17
104016,26.28
97054,35.12
54033,39.74
70047,36.76
95085,17.52
75050,31.63
90042,23.09
1163,38.05
16141,23.31
42031,34.62
64064,28.39
24069,24.78
60006,42.13
1009,37.49
64003,37.14
51001,38.7
28004,22.58
21003,17.55
78012,38.21
58003,47.56
34001,31.47
71002,28.95
12002,36.98
83001,31.16
78085,38.96
16142,31.1
32003,35.25
75051,36.69
13160,25.51
102024,14.84
83060,34.45
21057,35.35
67031,43.77
13161,33.3
18103,26.27
30065,30.33
27026,38.87
60007,43.51
95006,32.46
2006,24.81
42003,32.47
11002,38.77
1012,34.67
76005,33.39
9007,30.1
75007,39.6
62006,49.38
28006,29.12
84002,36.85
6004,33.07
77002,28.1
82003,24.48
58004,34.06
23053,29.79
63050,46.04
15155,30.82
77018,43.74
83062,28.74
24003,41.48
69001,40.4
46001,30.85
13007,33.75
20002,31.33
95008,26.79
65080,43.25
95034,16.18
64066,34.01
29033,41.24
26051,43.26
104017,42.36
18104,26.92
97060,36.98
91056,29.82
5081,17.86
91059,19.24
15159,47.24
65010,36.25
64006,49.72
65012,29.22
91004,23.73
3002,38.1
42002,51.55
96002,29.44
1011,29.52
12007,34.11
23005,29.3
79008,40.5
80006,33.12
18007,35.82
80003,33.76
83004,30.5
62003,35.58
44005,31.85
65008,31.86
60008,46.64
12004,30.15
90005,20.09
102002,34.66
9044,32.81
74011,31.25
1172,35.5
92118,29.23
69057,40.69
55023,46.08
1174,32.44
8039,39.54
25035,20.22
91070,23.57
33030,24.29
15165,35.13
89014,32.81
65088,39.4
30068,50.41
38001,31.34
29002,25.13
103003,45.45
92002,15.98
40001,36.01
92004,18.24
6011,28.73
28009,43.31
95010,24.36
12008,48.29
4011,34.53
50024,36.01
82052,30.69
103052,28.16
75058,32.36
78089,32.19
22134,29.84
1179,45.73
97064,20.33
16020,29.42
1023,37.65
106002,33.69
97005,33.3
18009,34.7
83006,27.8
30072,47.62
17136,37.09
95041,28.33
30074,35.0
44006,29.15
24007,28.11
17007,27.22
57004,29.51
15011,53.88
5005,39.34
41003,31.88
25005,28.73
64008,60.2
56005,39.71
16022,30.78
41005,33.39
25036,36.07
16160,35.11
99024,32.95
69065,33.55
13019,33.39
4017,20.8
15016,42.64
25006,47.31
87007,36.66
4021,28.81
22012,28.75
6016,44.12
17016,29.38
22013,40.9
54003,39.73
6010,32.68
93005,37.18
103006,32.77
80007,36.16
46002,26.34
19005,29.47
35003,29.3
1018,58.69
2008,22.5
1020,44.54
56004,41.76
48003,42.07
93006,24.9
4012,26.12
76011,44.33
86004,31.03
62007,29.83
8040,29.21
7048,28.23
19069,31.8
24012,44.08
54002,43.37
12010,43.9
1024,35.12
6014,34.89
61007,36.5
57005,34.72
78015,41.08
16023,29.58
72008,41.89
82010,34.76
12015,28.5
15171,53.84
15172,40.17
65094,29.32
41045,28.9
6015,37.03
77003,37.65
30010,30.05
4163,32.73
28062,24.91
78097,52.08
1189,42.66
63053,56.87
16165,28.76
60050,37.55
9049,37.62
70053,29.65
76060,39.02
64073,36.18
25038,33.62
10043,57.2
43038,31.46
90010,33.07
23008,31.3
16026,26.45
50001,38.7
7010,26.98
72010,42.81
80010,36.09
13026,45.23
78018,31.3
67007,26.22
56007,34.29
1026,24.63
98003,36.63
56008,38.68
69006,38.81
16030,33.77
22021,16.58
62009,37.69
90011,28.43
68003,37.18
3022,34.99
82012,32.28
78019,34.68
57006,39.24
8043,27.44
1191,39.74
93030,32.25
30012,30.2
18018,28.47
2017,35.92
28065,35.52
83068,42.68
17143,29.96
69066,31.31
78100,28.37
75061,39.52
57052,44.06
66073,46.86
14051,39.17
1197,33.21
80061,37.83
43041,37.39
4171,27.6
63058,44.61
17147,31.49
26058,34.53
18117,35.17
65099,42.63
4024,26.79
3024,37.21
6019,33.09
9014,29.04
35005,32.97
46004,29.81
17020,25.23
37007,34.17
6133,32.75
16171,27.91
68033,44.54
93033,49.15
5087,33.43
1030,35.41
1032,29.67
17021,30.61
95016,16.22
104007,25.29
4027,30.83
80011,35.07
17025,39.46
60014,28.95
20007,31.83
18021,20.62
6022,30.59
75009,33.76
80012,44.7
65016,37.09
43042,45.71
26060,34.15
26061,33.5
65101,30.56
12017,32.7
17029,45.95
22027,33.45
16036,26.51
13028,33.43
23013,27.02
18023,36.31
4030,42.26
52001,35.54
66001,31.45
65001,30.47
26062,37.01
24082,25.93
30079,37.22
27030,29.34
78001,31.42
19001,28.79
16001,25.77
17002,27.32
1206,25.23
64074,42.83
96050,23.5
22147,34.52
22028,14.41
97010,34.6
18024,37.49
76013,36.08
74001,43.3
76014,34.96
39004,33.43
24017,31.65
58002,41.72
84001,52.52
64001,45.55
104003,21.3
80015,34.56
15036,50.64
104009,34.07
37008,40.62
12025,43.11
16175,27.97
7053,40.41
23061,28.03
89021,34.41
10045,16.2
12023,40.22
12024,35.51
5011,28.68
51005,30.9
14010,23.98
65018,35.89
50002,34.47
6025,35.05
2002,38.15
65003,35.43
16003,29.92
72003,37.52
35001,47.81
90018,28.12
92008,16.0
95017,23.45
1044,35.8
1045,43.72
12027,25.06
35008,33.3
12028,39.77
13037,33.16
61009,42.84
95018,27.13
41007,39.27
22030,35.41
64013,24.34
56010,40.42
17032,28.55
22033,25.4
48005,36.26
34008,30.63
9017,32.15
107002,36.24
50003,52.47
97012,42.35
75010,44.32
97013,30.36
5015,30.92
98007,24.73
96010,33.82
85004,46.7
76016,22.31
17034,27.95
84008,38.01
65021,31.52
19010,29.8
27002,28.82
35010,32.44
66015,50.73
70006,58.26
59003,30.42
70009,29.77
10009,32.68
43008,30.62
22039,35.1
1050,36.11
15046,32.67
103016,35.94
16049,33.66
57009,37.92
27005,28.19
46007,35.19
66020,38.88
17036,16.77
94006,43.23
73022,33.77
72036,37.39
5088,25.0
1209,25.57
58014,34.46
42007,46.24
33009,24.4
84009,34.48
9004,40.74
17004,24.05
90003,42.7
61002,40.13
28020,32.78
28017,36.43
28018,35.32
82016,21.09
36003,37.45
24023,30.5
16005,29.04
1006,43.12
82004,40.42
24004,39.64
61003,39.14
1210,25.2
84029,39.49
87036,26.19
30087,31.9
75013,39.17
83010,35.34
31001,40.36
4041,28.48
8048,31.33
76065,33.45
18119,30.65
43044,41.61
20048,26.71
60005,30.21
16009,31.33
1010,37.7
21002,33.62
65023,37.56
71009,36.59
80019,24.13
78102,65.98
30093,23.27
7055,28.24
58081,51.06
6143,31.56
44010,32.52
26008,40.61
4042,24.28
1057,21.43
58005,49.94
5003,37.64
57003,40.71
7003,41.45
43002,34.59
18028,42.72
66017,37.47
78024,31.52
20008,26.88
4038,19.72
71041,31.01
2113,28.79
94039,37.72
19080,28.64
42039,36.8
61016,35.89
13047,25.76
75014,35.59
33011,36.8
36005,37.67
58020,40.83
4044,19.44
69012,29.87
61018,49.39
62015,29.19
6039,39.22
19018,34.42
35012,33.5
59001,37.93
93002,33.03
106001,26.9
80005,40.51
13043,42.86
17035,30.91
51006,34.13
66022,38.68
19013,26.45
20010,22.37
20012,24.3
3041,31.0
2033,29.41
6041,32.46
54007,37.27
1062,40.12
16060,24.52
69017,40.54
57012,44.98
15060,53.3
15061,42.84
1064,55.54
61023,36.05
23021,33.08
66027,38.93
37016,37.78
10001,51.49
69003,34.57
15010,38.51
8004,23.15
62005,41.11
1214,40.44
19083,29.64
23062,28.04
4183,16.42
97071,41.56
5093,33.66
66080,43.67
40036,32.63
57062,33.69
49005,43.91
79017,31.36
66024,41.56
4187,33.49
59021,35.7
61070,39.43
59023,29.36
5032,28.9
58025,44.82
8015,23.89
70013,19.25
12031,29.92
1056,30.79
20009,31.52
9018,38.1
80022,21.33
22042,32.18
79020,37.77
16055,29.41
12035,31.82
73002,38.93
28005,38.01
58010,46.36
63005,29.76
24008,33.41
8013,26.95
75015,32.91
70011,34.42
83073,30.04
80067,53.93
4194,39.65
13197,31.37
66005,31.13
69005,37.84
89001,47.63
64007,40.16
14056,29.31
35035,33.41
22154,36.57
23063,25.53
31016,41.13
22158,27.9
22159,41.96
18130,24.32
29040,29.46
78108,42.96
69014,24.86
1060,39.88
65026,36.09
19017,30.99
37011,45.23
24089,39.76
10052,31.07
22160,26.62
28072,44.62
1230,33.64
83012,24.49
63019,48.93
58021,38.18
61103,27.26
97015,24.55
61073,36.71
17168,25.08
58093,58.93
7064,38.92
99021,26.29
59004,44.21
26012,41.54
82024,34.6
35014,38.68
13203,24.07
4199,27.83
1233,48.42
2127,42.57
99015,33.03
19087,29.51
72039,40.15
4205,29.22
78111,41.55
97016,41.11
78028,54.75
103061,35.56
70063,18.13
75068,42.96
61074,32.15
3042,28.17
4050,30.62
70014,28.37
61025,42.57
61005,45.02
7006,37.31
7007,40.11
16017,18.72
21006,32.86
71016,27.33
76024,22.7
35016,40.41
82006,35.91
4009,24.61
56003,41.55
1017,36.97
66007,32.53
90007,25.51
15250,32.4
1021,34.8
21007,23.31
23006,38.57
3012,31.87
66010,30.73
63023,35.46
78029,38.41
6042,35.01
97018,29.15
24026,36.83
57014,43.19
1067,26.61
94011,25.93
66030,29.5
62020,23.93
37021,44.29
20017,34.23
56018,33.77
44012,36.23
98015,38.18
78031,66.21
78032,31.38
99002,42.85
16021,29.8
15014,40.75
4014,28.74
18011,36.72
103008,38.48
22050,37.47
3047,33.37
93012,28.74
51013,37.4
1238,33.33
19089,27.58
74013,34.9
18042,41.9
27007,34.89
4060,26.14
67015,27.21
16068,31.17
17014,32.06
43004,43.81
58012,33.68
3016,35.21
37014,29.81
66028,51.31
19024,31.09
58022,50.93
62022,47.92
13063,26.35
78036,31.2
13021,22.51
90008,27.74
13022,31.2
4022,36.13
40003,37.54
36037,36.77
26072,32.24
83078,24.42
14058,20.4
63067,47.55
1073,35.56
33015,26.85
13065,42.92
54010,31.45
76027,42.33
60026,47.99
58029,47.47
103022,27.35
8018,30.8
65041,39.78
7020,34.75
52009,44.38
42014,41.94
28076,32.1
80071,27.08
65119,34.76
37053,40.04
71046,46.31
58095,34.36
25045,29.82
62060,42.81
80074,24.41
64082,39.32
23073,35.74
78124,35.91
70069,34.73
3133,24.46
65124,33.21
62066,46.91
64085,45.29
95046,20.12
5101,35.44
83081,34.89
23076,43.51
75071,36.77
74016,35.3
80076,27.27
80077,30.01
34033,36.21
64087,32.91
83090,28.88
37019,44.64
65034,43.79
48010,29.65
15022,33.21
12012,36.4
78016,30.97
49001,31.0
36006,36.39
29011,30.17
69019,23.46
81005,40.19
6045,32.93
30011,30.08
6017,33.46
72011,35.83
13025,26.81
50010,34.26
18039,34.75
63025,36.93
47022,29.91
27008,27.59
24030,29.4
51015,34.6
12016,47.83
10004,54.77
1027,33.33
82011,28.83
85002,28.05
22020,28.99
70004,33.0
6018,38.19
9012,25.31
20016,29.91
4053,16.0
18040,24.86
79030,36.2
2042,33.33
5039,23.68
82031,39.41
62017,21.22
21019,30.32
101005,40.38
6054,32.96
66031,32.5
28031,31.22
77005,26.77
16075,27.27
5040,26.15
68012,45.39
18016,36.37
22022,38.16
20005,29.23
33006,33.98
28013,33.19
81006,38.36
4056,30.33
16064,27.42
97022,35.63
94016,32.65
56022,34.56
66036,36.43
1088,35.76
66037,27.13
30027,40.98
35019,33.29
17045,24.6
75017,31.6
60023,35.6
82025,24.39
69007,30.96
23010,25.34
1033,30.69
4028,32.47
57019,32.33
17057,42.91
1091,32.88
94017,46.95
2045,48.89
75020,50.57
27006,25.84
58026,39.5
22052,35.89
22054,30.1
34010,35.38
45005,31.34
17060,22.21
22064,26.03
92064,23.93
25051,43.77
26077,27.06
4209,19.12
65044,42.31
27011,32.31
26021,44.53
28034,34.79
18054,34.0
54015,50.91
10019,33.48
31002,38.52
24034,31.97
98023,29.84
5046,30.17
98024,35.95
18056,29.46
106015,32.81
18139,29.11
70072,30.89
83086,27.85
18142,35.5
90087,27.5
42043,30.35
64093,41.72
17046,26.4
17047,31.75
56019,37.07
71007,39.91
21009,20.0
24014,35.03
2019,33.33
17028,39.64
78131,27.8
87045,68.2
18141,44.17
92061,27.5
61086,40.23
84039,32.65
63074,31.96
62078,39.41
68037,22.93
59026,39.55
66091,49.5
15200,40.98
16192,26.33
14024,32.46
44016,30.08
29018,30.52
39009,38.23
77007,23.46
22025,36.19
12020,41.07
6024,31.25
12021,43.32
22055,27.75
29014,28.83
65039,40.84
79025,20.44
60025,43.86
65040,39.56
69027,35.61
97029,38.03
26024,31.94
96021,25.53
10020,32.26
103013,33.76
11007,33.43
1039,27.29
69008,35.94
65017,32.77
21020,38.63
5035,23.08
58027,41.46
62023,43.03
96022,22.06
15096,37.03
12060,31.88
44017,42.05
66012,40.27
97011,28.22
90020,23.2
15038,33.08
15040,48.78
94014,37.61
18046,42.76
40008,38.83
25052,34.41
76081,38.83
22170,34.3
52031,37.58
43011,28.15
78040,38.79
4066,35.36
7016,24.1
90024,29.43
1076,32.82
20021,43.64
16090,17.47
12063,28.5
14025,34.49
101002,37.45
33007,33.05
92009,54.85
14011,32.98
90064,47.61
30107,33.33
63076,40.05
9056,44.85
14026,34.99
6065,32.18
8027,38.61
78049,48.13
4081,31.18
9015,34.18
86005,36.95
87010,31.59
16044,25.48
33008,34.21
16072,24.8
51014,34.72
82029,30.01
64028,35.25
8020,36.74
11008,30.43
16046,26.41
65020,39.12
18025,38.18
1048,37.13
4035,33.33
61011,38.13
6027,37.91
53002,30.38
96011,47.65
1049,24.49
14012,32.8
82017,36.88
27003,27.15
8011,28.46
28019,39.73
58016,44.73
76018,36.94
1051,40.3
1052,18.97
65024,35.23
5018,31.43
41008,37.46
53003,34.0
83008,26.59
78137,25.8
64097,35.38
94048,31.74
21087,24.38
88011,34.45
64031,42.52
13090,31.17
18061,33.27
30034,17.32
58118,51.48
65042,29.32
22059,19.39
83009,49.67
66023,30.57
26007,37.7
4039,25.86
61014,40.41
62024,37.4
101008,36.65
22060,26.61
15078,45.83
74005,34.73
5019,36.73
16053,34.92
8012,32.43
107003,37.95
1262,43.09
2135,37.75
30109,31.16
16196,21.51
17176,26.82
23080,18.97
90066,17.28
76085,39.48
92070,33.67
66035,45.69
69024,39.12
13071,28.33
93015,22.05
20061,37.44
78140,37.36
42047,33.47
79129,32.28
47020,36.11
46008,18.01
6031,33.09
1058,32.58
82021,34.96
1059,32.61
94049,37.0
94050,37.94
36043,31.72
79131,50.47
59028,34.11
78042,30.86
5041,33.46
18051,41.01
97024,36.53
52032,55.3
26081,39.86
3138,30.35
4220,29.2
64100,51.83
22175,36.48
75075,36.24
15213,33.95
20063,33.08
62073,43.03
23083,39.01
17181,31.71
34036,31.66
102040,36.78
13217,29.93
16204,31.14
24103,40.27
61089,43.96
22179,36.22
102042,39.36
68041,50.24
1099,36.64
62027,38.39
5052,30.5
25014,22.5
69025,25.78
66039,40.28
60028,33.13
49008,38.19
57022,32.25
12034,39.34
74002,30.47
24024,33.66
11010,24.15
26082,35.02
19103,32.03
9059,27.36
51036,37.27
18153,41.66
22184,38.03
96065,28.19
92083,28.69
12124,33.2
25015,26.65
63029,46.76
16081,32.5
44015,36.14
30035,31.42
27013,23.61
63064,36.24
28037,43.5
46012,21.63
15051,39.73
61019,31.29
60017,21.64
103019,30.04
56049,47.97
95064,21.56
25059,33.29
57067,34.28
56050,43.09
12036,32.37
98008,37.47
98009,42.33
6040,38.07
18031,35.41
96014,26.65
13050,33.33
18033,33.69
30036,34.85
25019,31.97
79047,41.63
36011,33.32
65029,32.8
13052,30.87
63022,26.15
5020,25.04
12040,32.43
89007,32.05
18036,36.92
17040,31.16
37013,29.83
44011,42.3
61024,31.34
58023,43.34
61026,36.19
94012,36.21
21018,23.58
82022,36.51
76021,28.81
1271,31.56
13222,38.55
41064,31.83
104025,39.2
68019,22.38
74007,33.43
22082,25.59
55012,34.55
80032,23.55
23029,26.04
22066,26.96
29017,26.46
18062,28.59
34014,41.44
17071,19.47
58037,36.34
65031,41.88
73003,38.81
6047,32.53
42011,28.77
3043,36.36
69032,35.33
9029,41.28
43018,25.27
60035,44.77
87016,37.47
95080,27.11
51018,35.07
11013,39.65
34015,34.92
28038,30.84
16102,20.17
63031,48.33
59008,52.81
22089,31.34
46014,29.1
70024,26.21
24041,19.13
30119,25.93
21098,29.35
55032,49.61
78146,36.03
22067,36.24
59006,38.01
99003,38.13
82034,33.8
16249,23.62
4072,30.29
67012,34.9
37017,37.7
22047,30.2
76022,40.62
6052,31.44
65032,39.39
5031,34.15
62018,32.35
74008,33.47
6071,37.26
6072,35.19
62035,38.85
26030,35.72
105017,24.72
8060,34.52
19104,28.65
17185,31.38
21100,27.6
43010,34.04
9021,28.85
19026,40.21
92106,26.57
97001,39.35
76001,28.39
57001,25.62
41001,36.9
102001,25.11
44002,37.92
58001,40.98
86001,30.06
19002,30.39
12001,40.66
69037,36.06
94022,34.13
23035,39.65
6077,27.86
83029,34.83
19033,30.22
97025,26.84
67022,26.24
17064,30.12
54009,40.19
46010,31.93
44013,32.99
75018,32.28
61001,38.29
4002,24.44
68002,38.2
57068,36.4
69090,35.6
67042,38.86
75028,32.21
97036,38.67
12071,53.32
28039,33.87
64109,32.89
69091,33.94
90073,27.56
18156,24.1
48020,33.93
24044,28.91
6079,34.12
9030,45.54
35022,34.99
30031,33.62
4074,23.79
90027,29.53
29026,28.27
20025,28.48
42020,37.15
76036,37.97
18002,34.85
9002,36.43
79002,34.72
5002,39.65
95004,34.83
68010,31.81
80025,37.12
1069,31.79
13061,38.88
58044,33.93
102016,24.02
69040,37.28
95021,34.84
54021,38.86
27041,29.7
4227,23.5
74019,30.41
69094,36.62
60079,39.3
26014,28.69
36009,32.7
35017,37.1
78034,40.42
72018,41.02
25010,28.27
9023,31.32
103021,19.34
80037,19.3
79058,31.76
72021,38.87
63034,38.98
65004,28.65
1005,40.13
7001,30.39
16006,30.45
105018,39.83
83099,27.94
9062,36.2
81021,40.95
103067,20.63
10014,33.96
14017,26.93
6057,32.65
16071,26.54
103024,28.78
97028,34.55
19036,46.85
19037,34.78
98025,28.47
103025,31.31
48011,31.56
4063,24.02
18047,32.98
78038,26.94
65058,37.37
1116,44.23
107008,32.27
14032,30.24
31007,47.13
1074,44.26
83017,31.26
5037,25.84
7015,33.97
7018,31.79
65005,34.31
4005,27.18
60004,40.79
11001,43.04
63004,38.15
1097,39.54
1098,32.06
95077,29.17
3058,33.54
21027,26.26
34043,36.38
29047,28.77
4230,35.07
75087,38.59
10015,50.67
21021,25.84
4068,30.41
17080,25.65
56028,32.94
87018,33.29
14003,27.62
93001,21.24
23003,34.58
19003,27.76
15097,58.49
47004,31.69
9027,31.0
17066,30.58
54017,40.91
78048,49.52
8025,37.88
48013,31.68
3060,25.24
21022,28.34
1082,36.66
25013,27.02
18049,31.03
93014,22.28
19109,32.14
16220,35.39
15221,37.2
10063,28.52
16117,30.71
1117,33.88
64037,31.96
30045,27.27
6084,40.07
7002,33.98
103001,26.08
13010,38.58
71004,34.57
64004,35.53
2148,31.04
70081,26.79
21103,20.47
64113,37.08
97032,32.53
16092,19.28
37025,38.28
61033,41.21
68044,31.25
12130,35.75
43055,36.38
10064,31.18
78152,37.07
46031,22.36
10065,34.65
24112,23.1
6177,33.56
22209,20.48
33025,30.4
58046,62.35
76037,38.4
43021,33.33
58031,32.19
101007,28.61
16074,30.24
13093,30.74
91018,22.9
4085,20.3
13114,38.57
70028,30.05
54024,44.38
69044,23.42
69002,33.23
23004,27.3
14005,35.19
79007,31.25
25063,33.9
18169,36.55
56054,36.85
24113,23.03
12051,32.38
8022,37.33
70019,14.65
43013,44.52
40009,28.48
7070,41.88
103069,16.71
103070,27.7
12132,37.2
22097,31.79
5058,28.93
7035,34.88
4103,8.22
22098,42.72
53012,38.49
8032,29.9
1124,27.15
59010,47.98
38010,24.19
104012,43.35
25027,30.0
64041,49.49
8064,41.27
102046,34.37
18172,31.82
21116,26.91
53008,30.66
22062,42.02
22063,36.9
24032,32.71
59033,46.45
13239,25.68
12138,34.54
15236,39.43
61004,35.82
3006,29.29
60010,48.36
55005,40.04
30005,33.46
16234,25.26
30132,37.89
56057,40.64
11031,39.9
13119,42.01
9033,44.01
21040,36.43
79160,44.75
14036,24.0
47006,28.72
106009,21.17
76040,39.78
76041,34.28
41012,32.7
68015,32.76
69026,27.44
1092,40.93
70021,35.11
17058,19.87
43014,35.56
13074,29.28
78043,36.9
52002,37.1
2007,34.86
13013,30.63
76006,36.38
17069,30.13
93019,28.62
90088,20.15
17070,30.26
7026,38.5
42017,46.3
87053,53.27
1297,29.53
68045,29.97
97090,34.3
55006,42.3
45001,39.37
10002,37.9
73001,27.78
10028,42.46
22229,33.65
91038,23.16
16125,28.21
34011,30.62
27010,27.44
39008,31.29
57025,46.36
83019,36.05
60032,34.91
69030,39.84
69031,42.63
76097,32.69
5116,34.4
28099,38.74
27043,31.74
4107,23.22
34019,39.48
83038,49.44
84021,31.5
30049,43.21
1014,35.74
12006,43.09
104005,28.43
30008,33.46
94003,23.75
102019,38.51
70032,28.01
15122,38.93
14037,31.84
98030,30.31
1134,25.23
17091,32.2
1136,32.33
48025,36.31
28046,35.53
68021,35.73
105012,30.3
51021,37.18
1138,43.9
91043,23.95
104015,26.96
30051,24.39
12093,55.85
17097,24.8
19055,33.67
15130,40.47
4114,27.35
9035,37.32
95083,33.04
42023,38.35
30053,34.55
78072,41.7
22111,33.52
91046,25.24
78075,47.66
4116,38.81
90038,21.67
76044,45.89
57036,34.74
51022,33.43
85008,18.79
21048,35.03
17106,29.31
21049,16.11
4121,19.69
98036,33.02
26039,28.37
6091,33.84
63092,32.14
54028,39.47
95026,25.87
1147,25.49
83046,32.34
20034,27.83
3095,44.96
15140,41.57
4122,19.93
18053,30.3
72020,37.64
26022,32.24
46011,30.05
1094,30.63
16238,31.35
14077,25.38
8067,28.02
60089,37.04
30133,32.72
24040,27.71
56026,28.17
50014,41.04
5117,29.31
84043,33.1
66103,39.74
9068,37.82
35002,33.52
5007,33.15
97004,36.37
76008,27.43
98060,32.91
18180,33.44
1305,33.51
2163,31.83
66106,33.63
103076,32.88
4249,26.79
17203,28.08
43057,42.29
76029,35.11
43015,36.82
15093,35.56
25016,42.51
51017,40.69
80030,31.66
96020,29.38
16084,27.62
14042,32.43
27022,32.22
103044,36.61
14043,29.55
28054,38.37
16247,24.11
5050,29.77
101009,41.6
6063,42.62
62077,39.97
96080,37.69
22224,42.88
6188,41.12
95011,31.08
17011,25.61
28010,24.88
66008,36.69
70023,59.56
57028,33.59
82035,34.54
29021,26.33
22084,43.57
29022,34.03
105002,29.81
4013,40.97
55007,38.52
15015,73.81
78054,30.07
83021,29.48
43019,40.59
45007,33.89
2049,29.2
79036,35.25
12057,33.0
13084,35.19
89009,38.23
71024,47.62
10024,23.35
25067,31.79
22225,32.56
71064,24.22
18189,33.21
22069,34.77
69028,30.75
16089,40.73
103027,30.77
23097,35.09
11032,27.92
93051,35.27
24122,33.61
59002,33.16
36001,37.47
34003,32.37
23007,31.67
76012,29.62
60037,42.82
57029,40.47
76033,26.43
94020,38.59
19044,26.23
1152,25.85
96034,27.77
69050,35.93
78013,36.36
78014,37.12
91007,27.63
25017,19.09
17065,36.72
6066,34.0
97030,36.9
27017,30.86
73006,31.93
69035,54.18
102014,29.19
83050,30.29
37038,36.44
27023,34.86
18093,32.25
104006,27.96
9010,53.0
38002,24.88
33003,29.72
103011,27.02
78056,36.28
58039,51.37
41018,32.26
48019,32.56
69038,31.23
83027,52.43
39011,32.74
7029,41.9
56027,34.7
76035,36.91
61038,32.68
6078,37.66
10036,24.86
22118,38.84
95028,18.23
62041,36.55
2078,29.17
8028,33.05
31003,40.47
30033,25.58
13089,36.28
80009,48.59
96004,41.69
15024,39.89
64011,41.62
13024,31.37
82082,30.88
2014,21.72
103012,26.67
24043,27.21
16108,26.3
91010,28.87
56009,37.94
11005,41.39
90012,27.3
8008,39.87
17077,32.58
12072,41.03
16111,26.74
28041,31.61
99004,32.7
4096,30.38
5064,27.86
5067,33.09
16137,26.67
1157,36.11
82013,29.46
41006,28.49
6020,30.39
57008,47.2
3073,32.39
1114,37.94
83032,44.59
6082,28.0
26032,31.43
4131,30.51
37040,32.61
21052,29.62
4133,30.02
21053,31.54
83057,30.02
56035,34.75
98040,43.74
79080,49.78
99007,37.43
97052,30.38
65075,31.12
51025,34.41
80053,33.1
55017,38.76
24061,32.04
70042,29.56
70043,29.94
99008,37.74
64054,56.64
8037,35.78
71032,33.3
58063,38.98
6108,37.79
70045,29.89
57042,34.09
52016,52.07
88007,31.83
65076,33.9
99010,39.03
84025,36.33
24066,44.9
18099,24.01
53017,28.06
58066,32.53
12104,37.97
31013,34.99
7044,33.13
15150,30.73
6111,35.16
103028,39.14
19041,31.52
102009,44.12
65056,33.58
67025,46.63
18017,35.19
14009,41.94
96006,27.01
63009,39.47
18102,36.85
67030,38.21
19061,25.96
73019,33.1
22093,38.59
26033,31.3
18073,46.31
104011,32.8
106007,27.53
26034,28.59
43034,42.25
17115,19.13
24070,32.88
22125,34.81
55022,39.74
70022,25.13
17068,34.35
16093,26.59
23032,25.7
74006,27.85
31008,45.77
63035,40.94
24045,28.22
92111,22.18
60031,36.56
30037,40.05
66042,46.28
16033,24.38
90016,26.74
4029,36.37
80014,42.93
23052,45.03
95032,27.89
57046,39.68
12081,26.71
28042,26.59
22094,26.23
72023,37.26
41013,46.96
16096,34.14
33019,19.0
84017,41.0
4149,26.12
85013,22.85
78086,33.51
34025,39.67
22128,30.68
54035,39.46
21059,29.4
27027,36.54
15158,43.57
90046,25.63
96040,32.58
6117,34.96
44054,36.12
19050,31.31
53011,46.61
44023,46.92
84018,43.26
27018,32.98
72024,33.32
26005,33.02
16037,28.6
21010,27.12
35006,32.28
15032,42.93
35024,36.56
58047,47.21
17081,38.63
19052,26.35
58073,39.07
91055,29.97
77019,21.95
91057,23.81
105008,28.43
8031,44.99
12083,39.1
71025,28.58
5059,31.82
23040,32.24
23041,27.22
6087,32.39
17086,23.3
16122,24.81
13030,36.18
12022,33.66
102004,42.73
4033,22.41
1101,30.55
1103,36.81
60033,42.06
22083,32.52
11015,46.34
15115,36.1
58116,45.9
90034,22.62
4154,26.32
9043,29.95
21060,37.85
66062,37.9
83020,35.82
60034,32.86
18063,27.26
1105,34.73
78062,33.86
13120,29.79
78065,48.6
80034,30.68
78055,35.74
83022,29.05
64032,37.41
22087,37.6
22088,32.45
60036,50.89
25022,26.34
44021,28.5
16042,37.75
1040,29.68
62010,36.41
30013,38.0
62011,35.2
1041,29.18
68005,39.77
85003,31.64
19008,23.24
78087,39.74
16151,17.69
3112,42.76
69058,47.44
91067,28.92
58115,36.23
22101,34.43
13123,21.5
73009,35.45
30047,25.07
1129,34.06
40012,44.33
38009,28.12
30040,25.09
18064,32.19
45008,39.76
26006,30.28
66013,29.88
21014,33.11
63011,26.48
103014,15.49
16152,27.96
22130,29.39
98044,35.19
75057,41.73
41015,38.81
11014,35.82
6070,43.08
57030,44.89
15118,47.7
29029,31.3
2068,30.42
86011,29.67
22031,38.76
16043,26.25
37009,40.08
96008,33.07
73010,45.79
11016,53.69
1132,32.16
54020,40.43
61037,31.54
6075,31.93
16106,26.34
78058,43.76
18106,26.42
66065,45.9
54036,40.83
15166,38.57
65087,35.91
25029,36.6
4110,38.27
64044,44.67
83041,42.25
54025,35.48
22106,27.76
62046,28.9
73021,33.72
16156,30.3
30069,26.13
78022,27.23
29008,31.91
61010,43.22
46005,36.2
103015,32.82
65054,36.07
37027,31.75
4093,37.42
21034,26.91
58074,44.97
9047,28.24
80057,49.94
65089,29.67
13133,39.67
12090,29.61
25031,29.4
17093,31.97
24042,29.4
83031,38.53
70025,30.21
77009,29.75
15105,38.04
18069,30.5
22091,27.53
6080,41.61
12073,39.07
62047,39.14
78092,22.48
13175,40.75
16158,23.59
93029,30.04
23037,21.65
82037,28.63
12075,41.64
92024,16.49
61055,39.44
30073,21.44
18110,54.26
50025,33.74
80017,33.22
4036,21.51
19011,39.23
2062,24.01
17079,28.33
1115,36.42
81010,36.8
62036,21.69
13134,42.73
25032,35.03
51020,37.47
66052,40.14
13178,15.82
3115,27.06
5083,35.36
105014,31.14
22139,40.99
55014,40.46
105007,35.84
21036,33.33
82040,33.87
22036,32.37
49003,36.21
70007,36.17
62013,44.1
30138,34.72
12092,34.53
41022,31.47
70034,23.8
13136,38.32
61046,35.83
24054,26.98
4162,23.36
1186,21.88
54039,52.28
66068,42.12
95022,31.4
66047,34.94
12079,33.4
33023,49.46
4099,34.72
33024,37.98
3077,30.52
28043,30.59
82019,28.55
25023,29.72
29010,28.07
64016,35.13
7033,43.77
23038,33.31
78060,29.48
14033,28.75
1119,37.28
64039,45.91
19051,27.92
54023,41.33
79061,33.3
76038,29.42
106008,34.56
7034,31.54
37032,43.69
97040,31.61
97041,28.57
17084,27.05
79063,43.35
10027,33.36
19053,30.61
24048,31.77
19054,34.24
58048,34.34
1126,38.98
70036,27.26
79068,34.96
58052,40.7
57035,39.14
47012,36.18
94033,41.81
70052,37.67
64071,37.84
29035,23.65
93009,32.92
103017,29.27
35018,32.62
6028,31.22
20029,27.61
13139,40.75
24055,31.61
58049,45.03
63038,48.1
4104,27.35
38011,24.06
16123,36.17
21041,33.56
18078,36.11
82044,35.88
24050,22.22
78066,33.56
64043,52.21
22102,39.18
66050,37.31
16124,24.74
83037,36.73
57033,37.87
75036,38.21
16126,31.55
22104,39.33
97043,37.91
13128,35.49
17089,31.48
82057,39.14
68030,38.58
4165,30.32
86014,43.57
76059,35.39
61057,47.87
70054,31.37
61058,41.74
4167,30.86
37048,39.51
98045,40.06
22142,28.28
82020,35.38
66019,33.33
16050,27.49
19014,22.8
78073,28.31
92036,22.27
78074,37.12
17102,38.71
93025,37.28
20030,48.57
69049,23.36
4111,34.25
73011,26.4
72025,32.79
91041,21.54
58056,37.13
49011,37.69
4117,29.51
97047,29.07
92048,22.42
67035,40.0
41049,39.07
28064,32.78
20032,27.24
63043,46.62
17105,21.63
24051,33.58
83042,34.22
103038,21.19
17094,40.98
14038,34.79
84022,36.61
8033,37.77
13135,35.35
104014,24.74
13137,36.02
19015,27.98
51007,32.4
16052,29.95
80021,38.34
71010,27.28
90039,21.46
61050,40.62
87023,42.44
87024,50.12
28048,33.77
24058,31.37
6030,43.9
28022,31.05
79018,31.66
64019,36.63
2032,27.57
107004,46.98
12033,34.68
41009,38.82
3036,33.73
94008,38.09
28026,28.51
101004,30.0
65028,42.25
28027,27.56
6038,37.65
65027,20.79
71013,31.93
71014,28.63
72015,41.16
15055,37.03
18032,33.16
50008,43.67
16059,34.26
39005,29.27
15058,36.96
97017,32.05
12041,33.21
5021,29.15
18035,33.55
5023,35.26
22045,23.24
53004,37.77
83013,33.13
17042,35.63
33013,36.18
57015,38.8
17041,22.64
42010,37.77
50009,29.84
63024,43.3
12042,39.8
25009,24.84
6051,46.86
52005,41.27
12043,45.11
97019,34.4
75042,33.24
58058,37.26
22113,31.58
14040,29.24
34020,34.43
71015,36.03
13058,33.85
29013,32.78
52006,49.21
98033,37.5
94026,27.86
61048,34.55
50011,34.4
6053,29.67
43009,43.2
62019,45.9
36008,35.34
51011,37.23
13060,37.65
12046,31.7
18085,30.7
4113,32.08
1143,35.28
96030,43.67
65066,43.86
14015,31.7
40005,39.03
76026,23.75
79023,56.43
22110,33.15
103041,24.92
83045,35.01
58053,46.97
103020,14.54
4059,31.49
12048,34.26
1070,25.86
87057,18.94
16132,31.36
36019,35.09
24056,32.64
15134,37.09
23024,29.55
14016,30.4
69021,29.75
9022,47.33
26041,29.77
29032,30.52
15142,36.97
84023,35.64
12101,33.8
1150,33.3
64049,59.81
28053,25.54
15144,36.39
61049,37.56
4118,28.9
13143,36.95
4120,27.04
57037,36.36
77015,36.44
85010,33.4
76045,37.89
73013,36.92
37036,37.13
64047,46.9
103042,31.97
102021,33.28
87026,40.79
65068,44.82
61102,37.53
16070,26.23
86008,30.02
70017,28.54
30022,26.62
28049,29.87
38013,23.48
96031,25.98
44029,34.15
18045,25.97
13064,33.42
96017,25.42
15072,34.83
1148,32.43
1149,34.17
36021,36.86
10033,37.8
79027,24.12
17049,32.12
97021,28.28
40007,43.64
102006,31.72
98038,29.97
64048,29.62
14041,15.56
58059,45.13
40020,35.13
7017,26.52
1075,30.77
88002,25.97
76028,33.37
30058,29.18
96033,23.88
10034,25.77
22117,36.94
19029,34.04
30024,27.24
1081,32.1
38026,24.69
10035,35.1
9038,34.79
87027,28.97
87028,29.64
84015,38.34
58030,42.08
17053,25.15
43012,32.52
1084,33.91
99005,38.4
97049,39.39
62040,40.32
16136,37.43
8021,35.6
24031,26.23
54011,34.88
80028,39.69
37039,33.27
22120,37.11
41027,35.65
6098,36.22
66034,29.87
58032,46.51
51016,35.33
12052,27.47
17056,29.98
38005,26.82
7021,34.88
60027,38.19
54014,36.92
80052,44.17
5069,32.3
41028,34.63
61052,34.75
62025,35.57
67018,36.05
82032,32.86
65043,27.74
77006,33.13
72030,38.61
44031,33.97
70041,40.0
52014,36.44
4134,27.44
16080,27.63
30029,31.55
84016,35.97
57023,31.16
1160,41.38
78081,48.59
53016,37.91
41035,33.37
80029,41.03
79033,27.78
75022,34.26
15085,41.96
93018,38.88
65096,38.81
53019,37.8
102027,49.94
4170,33.4
52022,37.42
65048,36.28
18055,35.28
34012,24.68
28035,24.04
57053,47.09
81016,35.68
3120,20.67
34029,25.0
21024,30.0
19032,23.79
17063,26.3
21025,29.49
65098,42.41
28066,36.12
22144,40.04
28067,33.3
1095,31.1
5049,40.43
16085,23.64
7022,44.65
33036,34.07
25040,35.79
62054,40.26
17149,28.55
9051,38.66
4076,24.57
19035,45.19
50013,38.36
63030,27.9
67023,30.45
6135,34.73
37049,38.0
40031,28.64
20045,41.26
65049,45.51
68017,32.72
5051,31.63
75025,34.8
11022,44.8
57057,27.96
76063,55.38
6137,35.87
15098,43.4
101012,26.86
10021,29.21
79043,43.82
63060,40.49
1201,49.83
22146,20.69
61064,28.73
66075,44.89
71022,34.7
19040,29.21
30032,30.18
13087,32.38
23031,29.56
107005,30.46
91017,28.39
20022,29.31
26063,45.46
103056,29.44
30085,31.21
19042,30.0
14027,27.4
12066,42.54
48014,39.16
16094,28.89
65103,37.15
59019,36.89
59020,28.67
17158,34.82
13193,39.09
23033,26.02
97035,29.58
13097,39.84
56024,39.41
63062,27.23
2107,31.31
92105,44.12
17159,25.86
4179,33.13
12067,32.96
42018,45.7
13099,32.81
67024,44.55
52025,39.25
16178,43.23
76064,34.7
36034,35.76
25020,30.37
4087,28.29
4088,21.2
41014,41.07
23034,29.15
10047,48.9
26065,31.7
62056,32.82
20049,35.69
8049,27.49
80033,41.63
22085,21.72
13101,31.65
102012,32.56
16100,29.98
48018,28.01
93021,37.49
90029,32.78
9053,28.78
85015,31.17
48036,41.91
21074,27.1
95084,36.05
43025,33.87
30060,41.54
83053,32.49
6095,38.91
8035,30.09
39015,33.66
76067,35.13
44063,37.57
22153,40.29
6144,32.41
62030,44.55
44020,47.34
64033,45.24
2058,28.17
66043,34.92
4126,36.37
1156,41.19
22121,30.48
33038,45.0
19084,32.2
2116,30.47
58084,42.02
41029,35.3
4132,35.23
6100,22.29
61069,32.1
58086,47.21
18126,35.85
65106,35.94
64051,31.12
6104,33.28
47010,29.08
1159,39.46
8036,32.29
65070,28.89
73023,28.13
57061,38.75
69075,33.87
53021,29.46
43032,32.37
18095,38.34
26046,39.46
10038,22.34
16103,31.58
16104,22.75
40013,39.33
36015,41.81
30041,29.94
69033,39.37
79052,32.54
6069,36.01
8051,33.91
4195,28.96
83075,38.41
7057,36.73
102015,24.57
78057,41.49
4092,27.78
64035,38.72
41017,31.92
18128,21.38
16183,32.19
13199,34.43
10049,35.21
6076,38.37
14030,28.74
19046,34.36
96026,31.02
10050,11.29
1226,26.73
49017,40.99
4197,23.32
78109,35.58
75029,42.13
12070,43.83
58040,39.82
75031,41.71
17073,25.89
41038,33.96
24060,30.37
57040,32.44
50019,32.96
46021,35.76
47011,44.92
41032,34.76
65071,42.95
54030,36.93
43029,30.74
23050,31.34
69039,32.76
16109,24.66
97037,27.51
1111,24.84
6107,36.65
12103,34.88
48028,36.01
2061,28.25
58041,39.51
30043,38.51
95081,24.48
13107,36.96
82051,29.61
64059,42.65
69054,31.62
73018,31.07
94030,46.96
19048,44.95
17078,29.52
29027,30.71
107007,28.88
103034,38.46
73007,36.23
13109,36.82
69042,34.55
9031,31.06
56038,48.21
77017,35.39
1162,30.46
51026,39.11
19049,30.27
95023,22.51
77010,25.5
16114,27.02
45011,39.37
19059,30.98
5079,26.18
14045,42.11
41020,37.17
96028,30.63
37030,43.42
33028,24.03
95030,22.12
12106,33.5
57045,24.92
93028,25.5
13249,32.45
61042,32.39
7031,38.96
24046,31.3
16119,25.45
71034,34.82
87030,41.26
4145,26.93
6113,29.05
14034,36.81
1120,36.09
63036,31.35
35023,32.98
13201,38.5
23066,35.05
29041,46.75
48037,33.92
62037,35.0
92031,24.85
20028,27.04
23039,33.33
48022,42.97
72037,34.89
2123,34.55
7059,34.09
7065,38.76
6150,24.06
1121,22.45
13118,40.72
56031,28.91
82042,26.9
81018,35.69
26070,32.32
68036,42.09
12117,25.54
56036,41.64
65074,28.9
55020,33.78
78082,40.89
73016,32.73
55021,36.95
85012,41.3
22124,42.57
4147,28.42
10040,24.88
30061,33.2
79081,51.47
10041,27.28
33029,31.18
1164,30.67
41021,30.17
65059,44.97
7037,22.33
22099,34.09
92053,25.98
80070,41.17
8052,33.55
7038,35.99
7040,36.42
57032,45.95
76039,53.12
78063,26.53
69045,40.0
18079,31.15
64042,39.85
50017,36.54
74009,29.02
65060,38.42
65061,35.81
76043,41.73
37051,33.78
60061,24.92
31018,34.81
65118,43.18
87040,32.95
75035,56.54
23044,39.06
1131,18.34
59012,39.64
18134,33.39
60062,41.62
17171,41.34
83077,39.63
6088,39.68
96029,32.42
69048,35.47
87020,25.74
7042,31.38
24092,26.94
2035,25.26
78118,35.51
77025,31.11
1245,30.82
80072,30.11
99017,38.79
69081,47.89
83040,29.92
22105,29.77
13130,16.17
37033,34.63
98032,30.62
97044,44.07
12089,29.69
57034,28.05
50018,36.76
82064,25.92
87042,65.52
99025,35.89
62062,36.38
43022,31.68
17095,19.51
46017,47.73
66051,34.65
65121,43.28
83079,31.14
28077,35.05
98048,38.6
5100,34.7
24053,29.6
106010,32.27
22109,28.33
1141,26.32
78070,31.48
54034,39.54
75054,36.34
9042,38.48
36027,36.45
21058,31.19
51024,37.54
66056,36.83
52017,40.37
4139,29.36
15157,42.08
35028,33.7
92116,26.38
92117,20.34
17112,38.78
17113,33.23
17114,28.15
7043,31.85
50022,32.98
64062,34.5
103049,40.08
1170,32.64
65082,36.06
12108,40.51
58067,39.25
78084,39.19
60045,38.26
6118,31.78
16147,25.34
17123,31.13
70049,53.85
4144,28.87
70048,25.57
97055,23.33
21054,15.5
41040,30.68
103051,30.13
91064,23.06
61053,33.18
23051,36.15
98041,32.64
9040,31.68
90043,36.81
17116,30.72
92044,25.35
11020,39.85
91066,22.48
91068,26.15
42034,44.18
30064,27.89
63049,42.0
26050,29.72
75053,31.19
3104,30.46
97056,28.7
102025,40.15
83061,48.26
13172,39.66
19064,24.74
7047,21.93
37046,42.17
91050,15.66
89013,39.15
22129,28.37
1169,32.62
24073,30.12
17129,48.01
97062,41.41
104019,20.87
4157,24.95
97063,12.78
24074,34.29
4153,36.36
66059,51.64
42033,43.59
97057,37.26
2089,34.86
3108,34.9
13165,33.91
79088,31.47
17131,25.84
2090,29.85
79089,29.11
27034,30.27
50032,36.29
78125,41.32
17124,23.79
76056,40.02
1171,33.96
53018,39.05
10042,28.71
63069,51.93
16190,29.27
30103,44.22
28078,32.43
12110,40.0
51027,38.66
66064,32.72
17125,35.0
17126,27.94
9046,26.54
12111,54.34
28059,33.91
1250,45.07
26074,31.17
61081,43.11
98049,35.29
69083,40.0
63051,40.02
30067,30.5
90052,39.29
83064,40.94
81013,36.46
22132,40.66
76078,36.37
78128,37.13
66092,31.41
74017,32.67
19065,27.01
70050,28.38
76057,37.51
79122,36.52
1241,41.3
72040,38.75
79117,35.28
48031,28.0
69060,37.46
60046,36.55
84027,24.98
84037,37.49
28080,34.82
84038,34.89
78091,52.32
17134,34.0
61054,38.14
6125,21.0
4160,29.32
82054,35.61
69084,39.54
65127,35.59
40043,33.45
99026,31.16
4211,30.83
5082,40.15
62049,35.01
36030,38.21
23077,36.44
64092,38.4
41057,36.91
33031,23.45
26056,30.9
14047,41.38
20039,30.7
65090,52.56
97067,33.37
1184,25.11
17139,17.26
17140,16.11
46022,28.09
94031,56.66
79095,29.69
94034,49.6
58098,45.07
60067,45.69
1257,32.74
2133,34.32
17141,14.25
4164,25.4
65095,39.22
52020,34.62
33033,33.73
4213,30.79
27036,31.27
60069,42.02
65133,29.63
103039,32.18
59013,28.63
54026,39.67
15131,35.07
69062,35.33
23056,23.8
78090,44.26
71037,29.08
15168,40.31
16166,15.49
96044,47.62
52021,39.82
94035,34.91
8041,25.17
69103,28.83
79069,34.25
98034,38.93
83043,39.56
12096,35.83
6090,30.38
21086,19.99
16193,40.34
40044,32.09
41060,29.34
17103,32.01
64046,47.57
30055,30.81
21062,27.92
6126,33.12
18109,28.3
87033,32.68
68032,32.73
19075,32.46
36031,35.97
3091,28.4
79071,19.83
49010,35.08
21047,31.66
60048,39.29
6128,30.5
78095,53.13
41041,36.63
76062,46.29
11021,31.81
18115,33.29
12112,34.05
1258,51.74
64096,33.17
4216,26.23
83094,39.06
19093,26.09
80045,38.6
20033,31.09
48026,29.85
75041,37.45
79074,25.13
22136,33.04
22138,31.86
43035,37.88
21063,31.94
65091,41.1
18087,32.54
26040,30.94
10032,29.72
39013,36.01
2091,31.14
65093,36.41
76058,46.19
68029,23.09
69087,34.05
16195,24.93
80084,29.66
82069,22.59
47014,40.73
18116,34.07
94036,41.47
102028,28.32
21064,27.65
45013,37.18
75074,35.29
15204,36.86
22172,27.95
21089,39.24
99012,35.4
13186,27.79
93031,38.61
72035,35.37
9037,35.71
1146,31.6
17107,33.36
37037,36.69
93026,29.46
82056,42.24
96042,28.8
66071,39.74
41046,30.75
51029,35.53
6092,33.6
80050,49.34
21050,23.25
78079,57.47
80086,28.09
64098,36.36
46028,34.33
64099,34.38
5104,21.88
37047,43.77
16163,31.11
103053,25.22
65097,40.53
7049,33.71
96046,43.67
50027,35.17
97048,45.96
98039,38.34
38014,20.76
22114,27.52
19073,28.42
64072,45.33
86015,29.41
41048,26.21
14052,37.42
16170,36.77
60056,43.39
6132,30.53
28068,28.8
22140,30.33
20040,33.83
61060,40.91
13184,26.96
6134,28.78
63059,50.2
75097,31.0
16134,19.41
103045,36.21
79077,31.72
17108,25.05
90058,33.43
12114,37.29
10044,42.14
91073,33.51
59014,47.15
38016,33.22
87029,33.11
40022,31.56
20035,30.89
90059,26.17
30080,44.31
1202,26.75
2104,39.08
66074,41.89
46020,30.03
6096,25.82
13152,43.44
57038,33.62
36042,34.53
80087,31.0
2137,27.06
49012,37.81
1194,36.6
3119,34.68
14050,31.04
100005,35.4
30084,33.05
16176,34.79
1155,26.44
92038,28.85
34022,21.7
4130,40.7
83054,35.71
83055,27.95
6101,40.48
5073,35.82
22122,35.44
93043,36.29
21092,25.25
60072,39.64
22173,40.7
95076,15.65
19076,32.95
80060,16.48
90057,36.24
20042,33.98
17155,27.98
66076,37.84
97070,23.74
56044,35.09
6103,32.71
18094,31.72
13154,39.69
54029,36.43
103058,32.68
27031,34.27
35030,41.02
25042,24.78
19078,29.67
96052,46.52
42029,40.42
43031,29.26
71033,37.76
42026,35.99
54049,37.12
92078,30.33
95058,31.73
91084,28.4
89017,49.01
69071,34.0
14055,27.2
30089,34.34
30090,39.13
24084,24.9
48035,36.9
22174,37.22
5107,35.04
19096,28.33
92082,31.19
43040,27.42
102029,31.47
36032,25.85
82059,32.99
23049,24.96
5075,31.8
64053,39.58
69052,19.85
58061,35.27
6131,31.27
58079,48.04
13187,21.85
48033,37.49
4172,24.7
64056,42.68
99009,31.8
41036,36.13
90040,22.22
15182,42.2
1212,12.7
11023,38.51
19079,34.8
21073,27.63
2111,37.7
8045,37.69
59018,37.46
26059,43.32
8046,30.43
70044,39.22
51023,25.69
76052,33.21
69055,29.65
87039,46.75
2114,33.49
18122,43.06
49013,35.47
84028,33.96
49014,42.06
38019,30.85
21066,36.62
35029,33.32
57058,25.0
65102,39.13
1203,32.02
4221,21.68
85019,32.28
16201,31.34
19098,34.42
14054,28.64
3122,30.67
51032,39.78
16174,34.02
15179,39.71
1216,27.91
1218,38.99
66078,49.83
75048,34.84
58065,49.86
18097,42.35
37043,39.57
40028,31.27
22148,45.85
69069,39.9
22149,20.12
56048,36.7
63080,52.94
25057,34.01
102041,49.2
86017,33.14
4189,27.76
66082,48.07
59022,30.8
66083,33.12
69074,34.86
101018,32.55
4178,23.73
92050,32.01
69070,39.43
7054,40.44
92051,45.75
4142,33.47
13157,42.53
24068,24.02
78083,37.42
20046,27.37
2108,30.0
21070,21.46
88009,45.06
35031,25.84
19100,33.31
19102,35.05
75078,37.91
79142,47.08
44064,32.07
66084,49.32
4191,32.17
4143,32.16
26048,26.7
58068,53.39
43033,30.54
65104,42.25
61066,38.88
3129,31.04
35032,29.73
4192,26.62
4193,28.66
11025,22.95
71042,34.83
17163,36.99
31023,42.17
9058,36.96
16207,38.2
57066,36.72
30063,44.11
31014,40.87
2082,25.04
13159,38.68
1223,37.08
3131,36.1
17165,36.11
18129,42.09
56045,44.66
20052,30.88
30091,41.74
18121,42.68
5090,35.58
80064,40.25
99013,42.02
63048,36.76
4146,23.62
96038,40.95
95031,26.0
9041,36.5
103064,42.63
101025,36.09
51037,35.87
75081,27.33
20064,30.42
42040,36.66
1228,53.09
76070,37.2
65105,29.19
95043,26.54
11024,43.02
19082,37.24
16144,30.07
58071,40.44
58072,43.9
4150,21.65
8050,29.0
1213,42.75
6145,29.87
30095,33.01
38020,27.77
97079,21.56
16210,23.53
69089,38.19
14064,14.53
5080,35.73
65079,41.44
1166,33.86
103048,32.92
67032,34.83
77023,37.1
97073,37.42
20053,28.43
22161,46.28
15183,32.02
15184,39.67
78103,34.55
70077,19.95
96066,35.53
14065,31.86
64108,38.27
90086,23.43
25044,27.4
64078,43.55
4190,29.98
58087,27.13
68034,34.82
13163,29.22
36028,28.72
90044,26.21
82070,35.84
51039,35.79
50036,34.96
22195,36.42
76071,27.71
72038,35.33
28073,33.82
96056,33.88
31017,40.94
7061,35.66
82062,26.81
69076,17.53
94042,42.39
61072,39.16
95035,26.78
6115,33.57
66060,31.52
12107,31.48
96057,29.98
57063,35.66
34032,37.57
78104,35.74
18127,52.99
65110,32.38
102031,30.58
83076,45.12
30097,31.48
96053,35.66
2118,33.06
97058,39.92
83063,40.59
95037,21.98
65084,32.53
91060,25.13
96058,26.32
4203,40.56
64081,42.42
47018,31.43
23055,29.6
24075,27.42
16150,33.9
4155,28.18
26071,31.75
102032,32.04
48038,39.25
75095,36.74
76073,37.1
96055,56.58
78106,33.63
70061,34.94
64080,48.18
13202,34.28
58092,40.64
28071,32.46
4198,25.36
95044,20.12
91090,31.9
95088,31.72
21101,33.52
62075,26.99
59024,40.21
95086,23.46
22164,28.39
1231,28.94
78088,32.07
75056,36.27
9045,35.53
90050,29.28
99016,39.2
76075,33.19
61075,31.76
70062,20.1
65116,58.9
17170,44.14
41050,40.51
1234,16.67
97061,41.21
98043,30.46
17128,28.86
42035,35.95
65086,36.92
13206,45.02
79108,43.9
21079,26.55
18135,49.39
17172,29.79
52028,39.47
12118,33.13
22165,27.59
19088,28.56
66085,38.9
6121,38.36
1176,33.91
6124,40.58
28060,54.45
26055,39.83
16155,30.86
34026,25.14
19066,28.65
22200,30.34
61093,39.49
74018,31.93
13223,42.16
52029,36.99
78119,44.02
87041,52.65
69080,19.7
70067,33.41
54044,38.63
52027,31.19
85016,38.99
18133,27.23
6152,36.35
4207,25.99
62063,45.55
47019,31.94
71047,40.03
71048,25.91
76077,28.33
21082,26.84
80056,39.05
30070,42.67
72033,34.41
19067,32.94
15167,40.06
78115,24.18
32004,37.02
78116,44.73
55029,47.01
18155,40.38
4226,29.84
18159,64.9
4228,26.64
18137,49.33
4210,29.74
13207,13.22
75059,37.68
64069,42.25
3114,40.25
54038,42.43
97065,28.34
63066,43.7
18136,29.52
41052,29.11
5098,24.35
83066,49.65
15169,35.19
17137,23.98
1183,60.97
16161,19.93
13179,32.44
67033,36.05
66067,37.33
61078,54.17
74015,33.3
21084,17.3
16189,31.41
83080,32.96
65092,30.02
15170,36.7
23058,42.92
71038,29.51
66070,40.89
23070,25.17
70066,37.57
51033,39.28
15195,39.09
58096,44.87
61080,42.49
52030,35.35
93040,39.02
82055,36.65
79094,40.98
83067,28.89
17142,27.19
65120,31.24
80073,32.34
78121,27.08
61104,40.32
17206,30.28
19072,35.56
14049,26.01
28063,31.0
93039,34.74
29044,26.91
73025,27.49
70070,46.71
40041,33.86
65126,26.35
6155,41.13
5084,31.55
54040,33.16
78098,42.31
78099,33.26
46024,39.61
22167,39.75
71049,30.8
92058,20.25
17138,25.64
30105,30.58
81020,34.35
23079,36.36
17173,36.7
96059,28.96
78117,39.23
8055,37.66
28092,34.88
73028,25.96
10062,31.68
6174,41.92
8042,36.22
18114,29.29
43037,42.01
95047,38.2
64088,35.1
61082,41.52
25047,20.29
23075,25.72
3135,33.07
1251,25.52
1190,29.15
1192,66.27
2097,34.32
50026,56.47
77020,41.66
18143,35.25
87047,32.34
61084,29.14
58097,50.5
1196,46.4
13185,28.11
33035,40.44
57051,33.3
87046,36.72
79118,38.37
65128,35.05
64091,37.68
83088,34.04
22203,37.56
22204,36.56
30124,28.24
1278,18.47
54042,26.92
15176,37.64
17144,23.56
77021,46.05
64086,49.26
46027,38.31
6154,34.27
71051,34.52
40049,27.96
87051,61.78
61094,37.58
23088,28.24
58107,56.06
69068,32.15
1198,22.43
63057,45.95
1199,27.54
70073,24.59
69085,32.85
41058,30.1
21065,30.14
28069,43.6
33037,38.39
20044,32.11
45014,43.59
25050,28.27
83091,41.44
98051,30.61
65131,21.17
24095,31.94
25049,22.48
55030,36.72
15201,39.4
15202,40.48
15220,42.58
32006,45.26
8061,27.86
60081,33.65
26078,30.06
7066,43.95
11027,46.21
62072,29.62
76082,36.15
13189,28.55
1200,29.15
12113,32.51
27029,41.34
12141,31.96
78129,28.49
75072,40.28
78130,28.29
53022,35.64
18165,31.89
63085,38.17
57071,36.56
83102,29.92
36040,37.37
73026,29.06
28081,32.8
94045,36.14
27035,34.79
24080,20.49
14053,30.43
88008,38.41
6138,34.97
48041,37.17
53023,32.52
1261,38.79
4217,28.88
54047,37.47
20060,29.59
4212,31.74
62070,35.77
63071,54.65
63072,41.71
60066,31.42
16173,26.91
17152,27.6
1205,33.05
93034,34.86
21067,28.67
105020,30.25
28095,30.16
106024,25.47
92090,26.82
9064,34.5
95052,32.86
53025,32.26
92068,49.02
57065,35.9
79127,41.31
94046,31.72
41056,35.62
63073,29.68
65129,49.07
93035,29.0
97069,20.98
103057,27.39
61065,36.36
65130,32.48
64095,41.87
11026,43.38
19111,27.97
21107,30.94
13229,28.1
81022,38.42
2152,27.59
96061,37.04
16198,39.17
4176,29.38
63061,58.66
21069,19.91
64076,46.82
6141,33.82
10055,35.72
28084,26.79
28085,37.98
6157,33.42
6158,42.61
26080,28.46
10058,34.57
85018,36.16
68040,30.15
43052,35.08
92066,31.53
49019,32.29
37057,42.86
17175,21.82
92074,38.62
92075,34.8
105015,22.24
92121,24.2
63063,39.4
26064,34.46
22150,25.43
52023,36.16
31022,36.19
78138,43.03
66093,35.66
77031,33.24
54046,30.36
60073,33.44
84042,31.79
92080,35.59
12115,26.1
10046,43.92
21071,25.67
39014,42.52
1211,44.4
16225,19.44
96072,24.76
65153,40.48
24099,30.83
80085,40.34
87049,31.17
66096,47.25
79151,32.74
92091,28.94
17193,25.94
1287,31.24
24114,29.79
42048,46.96
92081,18.68
18150,39.0
30110,30.26
24101,31.64
18120,40.44
80063,57.92
17160,29.5
22152,35.03
26079,25.96
92069,24.77
28086,47.85
95053,28.37
4222,29.3
14060,28.69
60074,48.59
64102,44.33
93048,37.38
34045,37.47
12133,48.38
18171,36.87
7056,24.68
84033,41.22
4181,18.32
2112,18.92
35034,29.37
42045,47.11
103063,15.28
92071,32.99
14059,39.61
71053,30.08
91086,35.62
3140,28.44
54050,44.84
12135,21.67
56056,36.83
23090,24.18
1291,27.52
13238,33.3
19081,37.01
60058,35.27
1215,38.89
6159,33.92
41062,33.93
65141,34.46
48043,42.04
2115,28.03
57060,38.22
24085,35.41
4185,27.68
60059,45.55
78142,39.7
59031,44.19
36045,34.32
19101,23.11
76086,35.35
58085,33.62
67036,25.65
34030,29.95
80066,26.05
22182,34.28
80091,33.1
71054,24.72
71055,31.31
1269,37.91
30131,33.56
2158,42.88
4238,35.47
17195,31.33
63081,31.85
1270,33.09
49020,32.44
65107,27.4
63065,36.59
94041,34.83
9054,32.09
7072,28.47
13242,32.0
8066,25.52
35042,29.99
9067,39.65
5096,29.03
21075,22.72
65109,23.63
58091,58.14
19086,31.05
15211,43.98
1265,31.37
32005,48.9
95057,26.38
21093,32.78
48049,35.81
4242,40.38
18176,35.56
76098,40.2
22155,32.3
23064,25.55
40037,33.39
22135,29.87
66099,43.51
29046,25.73
30113,26.01
30114,28.31
73027,43.28
56058,33.76
103074,45.34
23095,33.33
46035,27.26
61098,34.61
78107,38.7
89016,35.76
10051,31.51
2122,29.44
18149,31.9
95059,32.75
34034,32.74
3139,34.56
22223,36.58
66104,28.89
95073,20.68
17180,45.28
8058,25.64
28087,26.58
16251,30.7
12123,34.43
17183,26.61
61091,38.97
104024,29.73
22190,42.48
22191,34.89
23065,22.7
18131,33.25
15189,33.22
22163,26.14
3144,23.99
21097,39.16
6172,40.57
76072,27.46
65113,30.14
7062,44.09
37050,37.99
29042,31.89
6182,33.7
105023,33.43
64117,42.89
1301,27.59
14061,47.05
79134,28.34
96063,37.91
24102,29.42
98046,29.89
4201,34.8
21076,33.21
56051,31.31
24104,31.36
24105,40.5
75086,35.87
22199,40.73
33046,32.1
17201,32.68
1307,29.47
27032,34.66
58094,31.67
1235,42.96
66086,32.52
8053,29.89
5110,26.47
22202,25.94
54053,42.52
7067,34.03
3146,32.75
22177,19.72
3141,33.1
64103,46.67
78143,50.36
2164,32.07
66107,39.37
15242,44.11
1311,30.47
1312,41.74
69079,22.81
76074,32.4
15191,35.51
102033,35.12
88012,29.42
28105,27.4
38023,34.21
18183,50.0
70080,35.71
96069,37.22
16217,25.48
27038,40.36
6166,39.32
22181,26.36
79143,43.35
73029,30.2
30099,41.31
75069,34.97
76076,30.86
80097,42.68
4250,23.91
102049,29.5
18185,38.36
18187,34.67
69093,26.35
4229,20.69
24108,37.0
57070,39.07
57069,37.3
64111,27.24
65145,37.96
22183,26.97
6168,32.69
18154,23.28
31019,38.59
70065,47.09
43046,37.58
93038,30.23
103066,28.4
17188,26.22
93047,34.24
33043,39.5
87050,53.93
61090,36.16
95087,29.63
60076,39.13
20065,34.18
22186,36.19
33040,37.18
16188,25.63
19090,34.74
70068,32.12
14063,28.22
64106,33.31
75084,30.18
15247,38.5
36047,29.47
25069,20.26
62074,56.99
22188,30.93
67041,54.33
21096,22.7
12126,34.49
23087,30.86
16219,43.53
17191,21.59
1246,34.52
61076,30.21
22166,28.22
78122,40.61
76088,35.45
82071,31.65
61092,35.86
90071,36.18
13226,33.33
28094,31.96
2147,30.92
19110,29.23
6176,36.84
42041,41.45
20059,27.5
21083,19.52
69082,39.11
35041,27.49
103065,25.0
76090,35.52
22201,37.61
70082,26.67
90075,23.53
72047,40.61
83101,36.19
56052,40.58
75090,32.25
54056,40.88
69098,33.12
1248,39.64
101020,39.14
64084,44.77
3134,29.4
101021,31.97
5111,29.39
61095,42.45
93052,33.14
13233,5.06
24111,34.45
65147,49.46
19105,37.07
19106,27.09
18158,25.25
71050,29.66
48040,34.64
94043,33.69
86019,31.04
21108,21.83
61097,40.22
18168,24.14
60082,32.92
61079,35.85
66088,45.44
36038,30.8
83082,23.94
1253,36.68
16216,34.34
71056,33.64
82072,32.53
19108,20.17
85021,25.59
64115,38.83
77030,37.03
13248,27.89
95050,28.96
93041,42.42
24096,32.18
67043,39.58
65150,31.31
12127,39.78
65151,28.37
24091,31.92
23072,32.61
51034,44.88
7071,41.3
21110,23.2
3153,28.59
2156,33.49
9065,43.69
1289,26.19
1279,33.06
28093,30.67
22205,50.34
30125,26.48
14070,38.51
54054,39.7
15219,41.43
75088,43.42
25061,31.15
50033,31.71
18140,34.95
26075,34.92
50035,31.28
30104,32.83
81019,34.69
104022,36.62
39017,40.24
18173,36.9
44073,33.55
12136,37.51
12137,37.24
1280,41.1
18164,30.51
13227,36.61
64116,50.67
103072,39.23
23091,46.44
106023,24.0
30129,53.22
13228,31.68
95069,25.15
9063,25.47
90077,28.22
105022,26.03
19112,30.6
1284,36.59
83085,54.73
54045,34.33
28082,29.13
98050,34.93
1256,33.03
26087,31.64
23089,36.09
12131,35.66
4234,26.49
64114,38.29
18175,32.89
3157,39.42
14076,24.72
28097,35.94
1295,31.43
17198,38.73
94047,24.46
80081,29.25
35039,38.66
67046,18.49
8062,37.69
82076,25.65
6178,27.39
63086,45.26
58112,34.61
76096,31.79
38022,36.83
23094,34.37
84040,33.2
67039,37.0
22168,35.41
106016,33.23
58110,40.73
18170,31.77
15249,34.66
80095,35.09
28098,35.09
36046,37.23
96078,29.13
33042,33.06
12119,48.94
91077,23.86
79123,50.17
22211,26.42
34046,20.19
25064,20.61
50037,40.0
26089,30.64
16241,31.08
60088,36.31
61099,27.92
56046,40.07
66105,47.51
101023,30.29
37058,31.42
18147,30.88
35040,35.93
95051,35.54
69088,12.44
84041,39.72
82081,22.49
5103,28.32
97085,23.34
83104,44.49
97088,40.73
6183,36.67
21114,21.15
5118,32.35
64118,28.9
25053,36.68
106017,24.25
21088,14.91
16197,29.61
21091,21.02
46032,23.41
100007,28.27
17196,26.58
18174,24.61
1294,33.5
4245,33.95
92122,24.05
92097,29.4
7074,34.88
70075,27.16
19094,34.33
59027,41.98
78141,51.62
4240,32.5
5113,30.4
1296,36.45
5115,29.59
26091,40.03
48050,34.16
21115,38.0
20069,40.92
30135,36.74
56059,51.23
4218,31.12
43051,38.29
4219,23.34
92120,19.62
1298,52.74
65157,43.59
12139,28.73
4243,41.78
19114,24.5
20070,29.78
71061,24.72
64119,31.18
22217,41.17
6181,38.42
46034,25.53
22222,40.62
19095,35.66
1263,49.29
1264,30.42
95056,32.53
106021,26.02
35045,27.69
106025,29.54
103075,29.76
82080,30.06
87055,42.05
24119,35.66
18190,32.35
91083,33.39
79133,39.91
91085,31.95
17179,39.2
29049,33.53
96079,23.42
29051,25.27
90078,24.51
75094,38.78
96082,27.26
9069,33.08
78155,48.97
95078,18.35
89018,37.91
12121,36.71
16200,33.64
63087,37.25
92098,21.91
70084,43.13
1309,41.52
23082,35.88
19097,32.09
96062,26.68
34037,37.03
10060,43.61
63088,31.79
56060,52.41
66108,41.73
12140,45.66
16202,30.41
19099,27.39
25058,26.88
75077,34.25
18152,29.67
17204,25.06
19115,17.0
71062,28.57
18186,26.33
33047,20.45
33048,32.87
37060,43.31
17205,23.61
70076,32.63
16206,27.02
9057,39.99
46030,25.11
96083,34.95
102050,30.07
21095,27.05
77027,39.98
60075,27.89
22185,30.94
16208,23.04
64105,48.26
75083,37.13
30112,31.91
99027,35.35
25060,28.3
30116,38.94
6170,43.49
16211,28.93
76087,31.22
16212,24.6
60077,24.38
72043,37.63
96067,31.82
78147,23.48
63082,32.81
21099,28.33
10061,35.56
14066,40.48
58104,48.02
30121,43.6
5109,32.2
17186,29.74
69092,29.22
91094,23.46
63083,39.71
18157,32.1
65149,38.67
24107,31.17
83108,44.37
69095,30.36
52035,33.83
67044,45.78
93046,30.33
82074,32.05
18162,51.7
3149,36.94
43054,33.39
78151,48.02
38024,31.19
64112,35.45
26086,51.24
30127,43.77
4232,28.82
24110,28.22
18163,39.69
12129,32.74
22207,36.16
106022,25.93
15226,34.28
75091,33.89
101026,27.88
41067,49.64
1282,31.22
57072,33.47
76094,41.15
16223,22.28
21106,31.35
83103,40.05
14073,28.62
7068,33.53
61096,25.12
8063,30.96
60083,31.12
16226,23.73
1286,36.47
34044,22.75
16228,18.64
16229,10.67
17194,19.69
57073,27.78
30130,33.29
56055,39.66
28096,38.23
58111,42.13
1292,35.47
8065,32.89
78153,25.22
16233,30.73
11030,31.89
60085,33.71
96076,30.47
19113,31.19
17197,26.39
22215,36.16
65156,44.95
71059,32.02
50038,40.06
71060,35.48
96077,31.98
22216,33.59
22220,37.6
17199,29.26
16239,32.05
14078,33.1
92099,28.25
95048,22.19
82079,28.66
83105,45.29
69100,29.82
6184,26.4
6185,31.99
106027,23.49
1303,39.1
92101,26.86
24118,33.07
16242,28.36
5120,24.18
6187,37.59
60091,23.15
15243,39.7
2166,19.53
63089,32.9
1314,34.75
79157,34.67
16245,34.83
98061,38.62
22226,34.96
96081,31.39
25068,28.99
64120,32.36
95001,37.31
71001,34.86
72001,43.26
78003,38.91
16002,18.82
29001,37.65
80001,38.92
5001,30.53
8001,36.39
18001,31.85
60003,36.9
4003,39.08
76003,35.46
14001,12.46
22003,37.66
75002,37.63
39001,32.57
82001,25.56
82002,27.21
75004,28.37
55003,33.44
65006,46.73
79004,31.25
57002,32.91
78011,41.18
67002,37.83
16010,22.27
80004,32.1
71003,23.72
76004,29.05
41002,32.89
43003,32.54
22006,39.07
95007,27.44
18005,33.17
37002,40.82
64005,41.06
91001,31.74
67003,30.03
7005,36.99
93003,35.19
28007,31.01
71005,32.41
26003,35.16
60012,40.07
16014,16.56
16015,28.35
1013,42.88
89002,37.86
5006,39.41
48001,44.9
75008,28.37
20003,32.69
45002,34.77
1015,33.58
4010,28.15
1019,17.86
24011,28.83
18008,38.2
7009,30.56
1022,48.89
15012,40.47
10003,30.76
37003,32.39
56006,34.2
18010,35.1
65014,47.37
18012,38.64
37004,37.82
103009,39.44
82009,25.02
42005,31.09
4019,31.64
80008,24.92
37005,36.91
18014,37.05
17015,25.73
33004,25.93
87008,29.98
2011,26.87
1025,28.35
71006,35.17
22015,21.92
96005,29.66
3019,27.11
15026,36.27
70003,46.39
11004,41.71
37006,53.92
16029,32.7
25007,41.12
18015,53.12
11006,33.22
98004,29.92
9013,39.66
4025,41.06
3025,30.43
2016,32.92
91011,26.44
90015,37.25
23011,31.5
6021,33.22
4026,20.37
79012,37.85
17027,33.15
22024,33.05
98006,28.75
18022,27.16
12019,27.97
22026,22.37
60015,43.08
87009,30.25
1037,42.82
28015,29.5
13032,50.42
63010,35.93
15035,38.06
90019,22.4
84005,34.94
10006,36.26
89004,34.95
81002,29.24
23015,37.54
23016,34.5
61008,43.99
12029,29.14
5013,36.01
84006,35.02
66014,41.18
22032,36.86
78021,37.73
82015,25.18
1047,34.97
17033,35.94
16047,34.01
15042,35.46
96009,28.53
24021,35.77
58015,50.37
54005,42.47
24022,31.69
49002,33.3
80018,51.68
21017,26.44
27004,29.32
87012,43.71
66016,28.22
37010,30.22
29009,31.59
96012,31.49
69010,34.26
1053,43.6
12030,34.96
58017,43.48
13042,35.58
50005,37.21
102005,32.95
48008,38.64
56015,35.36
22040,21.53
1055,36.4
64018,45.68
17038,25.09
4040,32.7
105004,34.89
97014,29.11
6032,40.4
101003,31.87
13046,45.57
71011,28.6
15050,43.0
69011,23.19
6034,15.19
11009,27.96
24025,29.31
13048,35.21
69013,32.8
26009,39.38
19019,25.28
4045,28.91
19022,30.04
98010,37.68
60018,37.15
12038,50.79
10012,37.7
61022,61.77
26010,48.82
13053,43.47
52004,38.96
60019,53.09
4046,34.59
15062,35.03
18037,39.19
39006,38.11
20014,29.31
16063,31.94
37020,39.12
61027,30.58
9020,38.37
82023,35.81
22046,33.4
8014,32.69
19025,36.02
18038,36.05
6049,34.58
4049,27.75
4051,23.41
83015,36.15
22049,29.67
13059,32.05
5030,28.35
65033,28.09
11011,37.96
64024,40.2
17043,31.35
10013,33.43
78030,41.52
53006,38.36
4055,39.89
1068,48.55
12047,35.8
78033,49.35
84014,33.76
98016,31.77
96016,30.27
23023,36.63
27044,25.66
49007,40.32
74003,30.35
19028,30.69
6056,52.7
65038,32.1
56020,29.68
18043,37.82
66033,37.91
23025,31.55
29015,31.22
4062,31.89
8016,24.59
67016,22.46
48012,31.84
4064,36.68
39007,39.77
61028,27.54
8017,38.37
15074,37.14
64026,47.34
50012,34.35
79029,34.49
14018,36.95
1077,42.84
1079,27.37
18048,29.22
63027,39.38
4069,29.17
17054,25.26
22057,29.55
22058,27.27
15077,36.53
27009,30.96
59005,34.28
28032,39.73
13070,38.61
16076,25.07
17055,30.04
69023,27.18
68014,25.66
28033,26.19
90026,31.61
10018,37.8
3051,41.31
97023,38.03
70020,38.99
44014,41.57
30028,35.52
16079,27.97
15081,37.48
14023,28.43
38006,26.84
12055,51.67
36010,30.57
18052,25.52
82033,29.16
65046,46.78
72019,41.68
38007,31.07
56023,36.06
98021,43.61
26023,35.68
67021,39.19
75024,36.09
5045,37.17
17062,31.2
103023,34.44
97026,31.78
24035,42.81
54016,35.47
4075,25.58
18059,28.87
24036,38.68
37024,36.2
26025,29.52
78047,37.71
22068,36.38
101011,36.23
1096,36.91
19039,26.11
81007,28.07
22070,30.7
22072,22.87
22073,40.31
79042,41.76
11012,35.62
75027,38.22
69029,27.13
31004,33.03
92017,33.54
25018,34.58
96024,26.65
3062,41.26
103029,31.2
32001,49.81
65050,42.42
97033,39.33
92108,44.41
24039,24.62
76030,36.37
28001,43.22
87002,59.27
87004,46.02
78002,40.59
83107,37.44
35021,33.66
22080,32.73
13098,37.34
73005,25.45
60002,36.55
63002,28.99
63003,34.54
94002,47.13
24001,34.15
62029,33.21
56025,40.7
10022,18.75
66002,39.42
9001,45.49
67001,42.08
81009,31.86
65051,38.44
6068,29.82
7027,31.82
79048,33.68
12069,24.49
23002,26.53
24002,28.79
1004,33.0
18003,24.25
18004,35.03
75003,38.82
83003,51.5
6005,29.88
1008,37.15
72004,36.51
24005,21.67
6008,27.52
78010,49.14
55004,43.58
62002,48.1
9006,35.79
12003,41.81
17006,25.63
13009,37.99
58007,48.65
21004,37.64
30004,33.34
75006,32.23
16011,32.4
53001,39.21
58117,45.0
13011,39.89
4006,28.17
60009,35.96
103004,28.23
6009,38.39
58011,36.5
104004,36.41
44007,50.32
24009,38.13
86003,30.01
67004,41.44
30007,33.96
93004,37.91
76007,40.83
27014,35.85
102011,31.34
76032,33.23
36012,37.93
36013,32.94
65052,45.25
62031,32.38
53009,39.71
91024,26.82
7028,27.18
16101,27.74
5054,38.51
61035,41.51
94021,34.04
25024,28.48
34017,33.72
83024,35.28
27016,34.57
19004,32.48
8006,29.46
18006,27.19
39003,36.86
4008,33.26
29005,27.2
64010,47.52
8007,27.59
76009,34.78
76010,37.31
41004,29.61
12009,32.85
46003,36.95
17012,33.02
65013,49.51
6012,35.48
67005,36.34
4015,22.54
82008,28.78
103010,45.14
97008,35.79
65015,38.9
60013,37.0
5008,35.02
96003,25.3
14007,31.63
5009,34.27
17017,29.56
12014,32.85
14008,32.04
17018,33.19
20004,36.33
66011,25.51
84004,41.89
22017,26.24
9011,38.47
22019,38.13
95015,22.61
16031,29.71
64012,35.02
90013,25.98
1028,35.96
1029,29.35
2015,30.81
3023,29.62
8010,30.8
91012,29.05
10005,26.22
22023,41.91
97009,37.0
17023,33.9
80013,53.0
6023,33.1
16035,23.75
16039,20.48
24015,30.17
1035,33.3
4031,34.04
17030,26.08
7011,35.71
4032,16.32
21012,34.67
16041,23.81
21013,38.47
93008,43.08
107001,26.19
2021,31.5
18065,25.57
6073,33.12
29024,30.34
83026,26.82
5055,27.8
60038,51.88
15103,41.57
79055,38.5
52013,38.39
35007,34.62
70005,36.7
12026,40.8
30014,41.88
13035,35.98
13036,36.91
1046,34.92
25008,37.17
104010,35.12
43006,45.18
23017,34.71
64015,43.34
5014,27.33
87011,41.41
3030,34.62
24020,26.68
62012,45.15
16048,23.72
3032,36.44
78023,33.09
2025,33.17
67008,32.8
81004,33.5
22037,34.32
85005,34.85
60016,38.52
105006,17.27
80035,30.78
3068,36.21
18026,29.17
22038,25.7
56011,34.06
84011,37.69
16107,24.46
3069,37.03
17075,30.9
4095,32.02
97038,33.88
1112,37.69
18029,39.28
100001,27.47
57010,36.74
67009,36.18
33010,30.6
49004,44.12
64017,36.83
63014,43.57
17037,30.58
23018,34.4
22041,37.08
10010,34.36
63015,39.26
13045,36.3
2031,48.5
90022,31.17
28023,30.84
78026,50.1
78027,36.56
68008,27.45
71012,24.69
66025,40.37
41010,33.12
64020,32.8
19047,26.13
58043,45.9
18071,30.8
19016,28.67
37012,35.45
69016,42.85
20011,22.99
12076,32.6
15106,52.19
103033,43.81
65055,41.92
63018,44.25
63020,28.98
75016,35.92
93010,38.26
50007,38.52
76099,27.84
61041,31.22
72022,43.87
22092,33.04
75032,35.55
46016,27.38
58045,42.51
12078,30.36
16116,18.54
38025,14.05
4098,27.7
31009,36.08
87019,49.42
2065,21.77
48021,38.01
15110,35.23
22095,23.51
37031,33.01
18076,34.43
22096,30.09
54022,34.57
60042,37.15
55015,38.34
64040,35.8
70027,30.24
6086,29.15
17083,28.69
66048,49.2
15113,36.23
3082,33.32
77013,31.34
17085,41.43
7036,41.43
90032,30.78
79065,34.06
70030,32.29
27019,33.86
1127,37.99
7041,42.55
15116,39.5
50016,31.56
25026,25.47
69046,49.87
3083,24.75
58050,40.66
66049,60.82
1063,36.19
80024,37.87
30019,36.65
15059,40.26
13055,42.05
49006,32.67
5022,31.08
5024,29.37
67010,26.67
37015,37.68
69018,40.25
55009,36.72
55010,36.89
28029,24.63
26011,30.36
51009,37.73
62016,27.62
67011,35.61
1066,35.08
33012,38.36
6048,32.85
6050,32.7
5028,31.03
26013,35.05
83014,37.45
35015,31.7
5029,27.72
4054,33.91
46009,37.59
94010,35.33
12044,35.27
84012,36.01
68009,36.34
98014,31.0
52007,30.76
4057,29.91
30020,29.88
16065,37.87
60022,43.29
87015,41.53
18041,41.8
3044,31.1
76042,40.18
23042,41.4
17087,18.69
65063,30.21
97042,44.47
28044,34.93
71027,33.66
63039,29.94
75037,30.74
4109,19.91
83039,33.71
2070,38.43
62038,36.28
25030,27.19
75038,39.35
15125,37.55
80043,51.41
91040,20.05
17090,25.94
1135,33.26
26036,27.64
16128,42.95
25033,30.7
2072,24.89
71028,41.49
33026,32.2
29031,24.53
16130,30.95
94025,44.67
70035,25.62
41023,36.02
14035,35.56
17098,11.85
21045,27.59
99022,33.95
19056,48.87
17100,31.2
98035,32.11
97045,43.45
17101,27.1
14039,32.26
92037,26.8
30056,23.16
78076,54.88
5061,27.97
79072,45.2
47007,32.89
80046,33.67
81011,37.03
54027,42.77
27021,39.31
16133,26.41
80047,28.38
13144,35.08
47008,38.32
73015,34.81
1145,37.04
96032,30.32
103043,15.97
70037,35.31
25034,30.3
75043,35.93
89012,37.48
101014,28.36
62039,42.98
13145,40.14
30021,38.39
22053,30.9
12049,37.93
82027,47.59
66032,41.1
17048,41.22
71019,23.08
79024,32.63
38004,39.63
86007,31.09
82028,24.86
101006,38.19
9024,34.51
15070,50.46
42013,39.81
15071,47.36
5036,35.99
2041,46.67
64025,46.13
78039,33.86
52008,34.93
17051,27.14
4067,35.32
26016,31.1
17052,31.39
14019,25.61
69022,52.12
16073,27.65
5038,32.98
52010,33.77
26017,29.81
80026,20.87
53007,27.05
61030,27.25
1086,38.33
12102,28.93
63046,55.01
18091,31.91
23047,38.11
13148,36.71
12050,37.29
26018,31.97
57016,43.82
30026,43.87
78041,35.9
14022,24.38
93016,25.07
1089,36.74
3097,38.36
75046,33.54
75047,33.56
98019,41.2
96019,25.57
33016,26.32
57018,35.38
26020,37.23
1090,39.46
75021,33.37
17059,30.03
23028,35.69
12054,44.58
88003,30.46
20020,28.17
61031,32.65
17061,37.67
57024,29.75
65045,36.46
64030,40.13
66041,41.69
78044,38.1
16082,23.33
98022,32.35
35020,39.82
79034,38.18
5047,37.5
64050,41.15
94027,35.58
16135,29.16
82048,29.82
5063,26.75
72027,38.84
80051,32.81
4124,24.42
6097,29.69
5066,28.76
70040,26.39
4127,12.36
102022,25.66
13153,38.66
82049,37.49
32002,48.07
47009,28.61
14044,40.93
4136,26.82
69051,19.59
58060,48.75
17111,21.1
59015,26.46
37042,42.94
24062,29.03
41033,29.0
103046,26.09
36024,31.26
62042,32.34
67027,27.34
16083,22.89
18057,39.22
78045,56.16
16086,31.51
54031,26.69
64057,39.33
43030,33.12
41037,35.92
42027,46.06
76051,28.99
102023,38.93
62043,47.08
36026,28.91
4140,26.87
50021,28.96
33027,33.17
64061,37.72
20036,32.19
12105,34.83
62044,36.46
37045,33.4
26047,33.54
65077,29.62
68025,37.98
83058,33.73
80054,46.27
79083,35.75
20037,30.2
16143,48.0
24071,31.22
84026,34.99
17117,29.24
22126,33.8
3103,46.15
76054,41.84
15154,37.41
86013,35.82
68026,33.79
72031,38.09
23054,27.79
24072,21.8
1167,23.36
95033,33.17
75055,39.63
42032,50.59
92042,27.12
95036,18.79
17120,32.65
6116,27.31
18105,30.52
8038,25.49
90048,35.19
19063,32.43
13169,37.39
56040,22.83
16149,26.63
12109,37.9
56041,48.22
91063,29.0
6119,34.75
71035,29.9
71036,32.64
21061,38.28
64067,50.38
22131,41.12
4156,32.39
38017,24.8
74012,39.33
6120,32.01
17130,33.22
62045,34.25
16154,30.38
83065,41.93
2047,24.58
16087,26.13
19034,31.56
12056,25.65
37023,37.37
29019,27.93
103026,29.35
2052,28.57
12058,32.93
18060,44.08
12061,21.18
61032,43.53
12062,29.22
15099,36.54
12064,39.9
92015,36.1
4079,28.57
91016,28.47
8026,41.56
8030,43.88
27012,38.27
22076,29.56
96025,29.26
13092,9.72
15101,44.02
22079,35.16
12065,31.12
105005,28.96
4083,16.05
9028,22.27
97034,24.76
92112,19.56
55011,33.16
14028,22.88
22081,35.58
61101,33.71
21030,33.25
16097,27.31
76031,35.4
34013,38.71
20023,30.33
12068,30.42
33020,23.34
1104,41.85
21031,30.58
19043,29.08
16098,27.01
42019,29.41
16099,34.22
64068,41.05
73020,30.06
104020,42.34
58120,44.75
30039,32.87
2057,25.76
63052,40.29
44056,27.13
16157,22.42
4159,24.34
1178,26.46
54037,36.81
26027,35.39
98026,37.9
37026,30.59
26028,29.83
61034,41.77
62048,48.26
17135,29.0
23057,37.28
95020,25.28
30137,30.98
1107,28.34
16105,31.68
27015,32.55
4091,33.95
62033,30.34
76034,34.67
89010,27.24
78094,36.66
64070,41.39
95040,21.56
1180,48.62
34028,24.82
55026,39.21
69064,30.27
68027,41.9
58076,25.11
51028,31.18
4161,20.0
97068,36.87
66069,38.52
57049,29.14
1188,32.87
70051,36.17
57050,30.17
81024,30.35
13183,29.52
16162,32.57
56043,36.36
14048,28.96
46023,31.4
68031,32.18
71039,33.82
62051,22.2
62052,42.71
47013,33.61
25039,41.97
15173,40.12
51030,37.93
5085,38.89
4168,44.38
43039,36.21
6130,28.18
33034,36.51
1195,32.18
47015,24.7
100004,37.13
57054,41.96
57056,40.28
42037,34.89
63055,36.59
16167,25.51
42038,44.88
3121,31.51
17146,28.51
20043,27.25
50028,39.49
47016,30.84
13188,32.26
7051,31.45
16172,28.22
58080,39.69
55028,48.31
46026,33.51
30077,29.64
61062,42.88
1108,17.62
41016,29.51
69036,31.17
21033,23.75
83028,41.8
41019,36.61
86010,31.88
43020,38.09
75030,36.35
40014,33.45
37028,31.44
28040,30.28
18067,26.82
17074,44.46
3070,26.82
79056,28.6
6081,38.08
91028,34.96
60057,44.19
43043,38.1
30078,37.74
22145,34.5
15177,41.97
28070,32.02
1207,21.0
64075,46.92
30082,28.42
54043,30.91
6140,30.86
103055,40.59
82060,31.26
17156,31.7
62055,41.53
25041,33.66
1208,48.11
103059,26.72
83069,34.8
84030,39.76
66077,45.91
87037,28.78
87038,34.49
52026,36.72
86016,32.95
83070,30.78
26066,32.2
15181,37.43
4180,26.67
17161,36.47
30094,26.91
49015,37.05
36035,31.07
70058,22.81
50030,35.74
4182,23.97
80065,36.7
5091,34.19
19085,26.05
18124,35.22
1221,31.19
85007,35.35
12074,37.79
18070,28.01
103032,31.45
14031,26.9
18125,50.77
83071,43.3
17162,25.02
83072,50.55
94040,33.57
76069,30.41
61071,35.88
4196,38.29
20051,29.86
80068,29.76
78105,47.93
69077,25.0
3130,33.33
24086,34.75
16184,25.82
1225,25.76
24087,31.43
68035,36.46
65111,31.68
71044,24.64
2121,22.62
82038,34.09
88004,32.08
66046,36.44
80038,39.91
69041,34.7
82039,37.96
9032,29.1
18074,33.33
30044,28.66
12080,36.23
10026,21.15
37029,33.3
13110,39.41
82041,26.51
18075,33.72
6083,39.6
3079,31.17
78059,40.89
64038,44.45
56030,33.65
92030,24.17
29028,31.72
69043,44.34
50015,39.94
36017,31.93
4102,27.63
90031,25.83
1122,18.72
15114,41.12
60043,49.58
82043,40.3
71026,45.02
88005,38.23
90033,25.55
42021,46.13
102018,32.78
95082,31.79
80041,21.05
13121,36.59
84020,24.01
93036,46.91
78110,53.38
35036,41.19
30098,35.95
22162,28.41
39016,37.67
34031,39.34
77024,34.82
1232,38.68
24090,23.82
4200,32.69
28074,32.48
23068,24.61
84034,39.5
14057,25.96
62057,34.23
29043,27.76
4206,28.4
78112,32.3
84035,29.92
78113,37.27
5097,29.81
66087,49.18
1239,35.85
15192,58.21
59025,33.96
1243,40.83
1244,37.75
20057,39.93
30100,33.92
62059,30.47
15194,36.17
20058,28.93
63068,38.69
102034,30.0
30102,38.06
8054,37.19
78120,20.28
31020,42.74
79110,38.96
62065,44.82
65122,32.17
65123,39.95
23074,21.12
1249,45.8
74014,24.34
31021,37.95
65125,42.32
80075,26.36
26073,38.92
33041,31.38
24094,23.06
35038,35.56
63070,52.85
43047,41.17
92059,35.53
68038,35.43
65132,29.84
78135,38.83
69086,42.94
75070,34.57
85017,28.98
21085,32.9
88010,29.81
83083,32.08
25048,34.9
83087,45.07
78133,32.6
94044,48.9
37056,35.51
71052,32.84
38021,35.71
1255,32.64
76079,31.18
23078,28.9
76080,35.36
66089,30.86
67038,38.87
60068,38.62
66090,46.98
58099,37.31
22169,34.56
78136,30.85
58101,41.14
24098,29.56
43049,41.94
1259,49.07
36041,30.7
83093,38.13
30108,21.21
65137,43.44
1260,28.75
19092,25.91
24100,38.44
78139,40.16
66094,41.86
75073,34.85
27037,37.72
66097,28.0
90065,26.67
53028,29.42
17177,22.08
98053,28.05
95055,26.8
93042,35.38
16199,25.71
20062,26.94
65140,35.56
79130,32.58
61088,38.31
51035,27.28
105010,39.9
13122,36.63
18080,33.83
70031,44.33
51019,30.62
59011,51.42
12087,36.84
22103,38.95
17088,29.51
69047,27.41
82045,28.55
3084,44.19
61044,25.33
68020,28.42
61045,35.09
45009,38.12
87021,38.57
13129,42.04
5060,27.76
13131,37.26
91104,25.48
15209,43.01
65143,34.86
48044,33.33
92079,19.45
67040,43.43
52033,36.32
80089,24.45
95062,32.33
6163,32.21
34035,30.45
64101,43.31
98054,31.21
4223,29.92
13216,23.47
90069,29.03
96064,39.38
16203,33.13
79139,33.11
83096,43.24
16205,29.54
22180,41.75
75079,34.18
28088,30.22
102043,44.06
75080,44.16
2142,36.89
58103,48.6
16209,25.2
66098,53.23
3143,32.05
26083,32.26
4225,25.56
30117,36.29
64107,43.65
80093,38.26
98056,36.01
75085,34.04
22192,39.02
70078,51.71
59032,39.8
22193,29.39
80094,41.03
22194,33.73
30120,35.2
37034,38.19
22108,30.73
17092,34.78
78068,31.8
24052,36.82
66100,28.47
90072,39.36
68042,41.33
43053,38.79
58105,40.58
28091,35.48
24106,32.14
1273,32.42
60078,35.36
68043,45.56
19107,31.05
14067,25.59
1275,37.64
34041,36.93
78149,39.82
17187,37.39
67045,35.93
95066,23.56
28047,30.47
6089,33.3
17096,24.16
18084,34.03
13138,31.57
1139,30.57
65064,28.49
35026,29.18
61047,34.51
91044,42.48
53013,30.72
65065,33.65
11018,26.1
37035,34.49
12095,31.29
83044,29.82
80044,25.0
1276,39.43
66102,37.95
69096,47.31
13225,32.86
73012,32.93
71029,38.83
58055,48.09
78077,56.59
17190,22.16
22206,34.29
45015,32.5
95067,32.41
26085,31.86
27020,43.05
26038,33.96
63042,40.93
12098,35.96
83100,33.5
30128,32.33
71058,43.13
86018,34.79
102044,46.3
24057,35.32
75040,33.74
30057,44.54
15136,46.65
76047,25.4
53015,36.61
98037,35.42
3093,35.52
81012,37.42
85009,35.53
31011,35.1
15139,39.88
69097,30.37
21104,20.25
41066,39.76
80049,24.02
75044,28.72
21051,41.25
41025,29.57
90076,25.93
70083,39.64
92088,28.55
82075,32.87
21105,32.74
22208,29.83
14071,35.43
18167,21.13
98059,32.92
54057,35.9
1285,39.1
25062,32.94
60084,29.88
65154,54.55
97083,34.49
4236,23.33
7069,36.31
13234,31.03
11029,29.67
103071,23.97
94051,45.79
22212,53.64
12134,36.76
96075,25.89
24115,27.66
21112,23.31
97086,35.09
37059,33.75
22213,25.6
4239,25.53
75093,34.78
23092,29.65
4241,30.37
20066,32.98
35044,36.14
46033,43.84
82078,30.3
60087,33.48
15237,41.94
25065,31.06
22219,49.12
33045,36.21
22221,34.34
68046,28.07
28101,32.08
83047,37.38
83048,49.38
1151,26.83
22115,33.56
22116,38.02
83049,51.16
95027,28.46
70038,45.3
36022,37.82
83052,39.29
30059,33.82
26043,46.89
72028,40.19
69102,36.08
30134,35.49
29048,32.47
45016,41.19
28103,36.51
72029,40.1
97051,27.53
1153,42.09
3100,29.55
24117,27.03
69101,35.21
78154,40.44
4129,27.56
2079,30.28
31012,38.64
78080,30.45
17109,41.14
92109,42.14
5072,29.3
48027,34.64
1158,45.14
84024,31.25
41031,29.43
19058,32.58
56037,36.36
54032,36.04
68023,30.4
18096,36.76
43026,36.57
6106,28.0
43028,37.82
44034,36.3
64055,46.5
24064,30.54
4247,29.47
6186,39.97
86020,34.12
1308,35.48
31025,31.91
81023,36.34
26092,41.21
1313,26.62
93050,32.11
15244,44.68
18182,43.94
26093,31.71
16244,23.74
95074,26.19
26094,26.93
45017,25.2
24120,28.54
34048,28.59
10067,52.57
28057,38.46
82050,35.21
16139,29.47
64058,33.64
73017,29.5
70046,34.87
42028,32.25
93027,32.94
50020,45.37
18098,37.5
64060,32.25
24067,39.18
52018,35.29
57044,42.41
67028,40.46
37044,36.26
99011,37.87
16140,32.93
18101,42.74
64063,32.06
30062,34.95
96084,26.08
83059,36.89
96037,27.42
69056,39.42
45012,34.69
76053,29.52
27025,32.27
21056,27.77
66058,34.24
58070,54.19
96039,26.35
34024,29.25
86012,35.11
4151,30.2
65078,45.12
22127,39.91
72032,40.18
99023,37.82
3106,46.09
28058,47.51
90045,22.22
91051,51.03
17119,28.93
96041,35.87
19062,32.19
2088,34.82
3109,38.81
7046,36.36
16145,23.96
91058,15.18
66061,43.8
80055,31.72
71063,27.1
91062,18.26
95038,48.97
26053,31.82
13170,39.14
57047,39.19
1173,35.73
16153,29.56
17127,30.8
90051,26.92
42036,31.15
55024,35.44
6122,34.51
106011,25.99
66066,35.93
57048,35.9
69059,33.1
36029,30.77
1177,40.5
89015,45.02
18107,28.91
101016,31.49
69061,23.95
30071,27.37
18108,35.97
78093,33.64
102026,41.04
81015,41.66
60047,32.3
6127,46.11
75060,31.98
106012,21.26
80058,29.84
24076,19.41
78096,27.2
69063,30.8
79092,39.06
90056,31.65
28061,32.05
1185,38.94
41044,46.94
68028,56.67
62050,36.91
19070,26.19
101017,35.44
2093,35.83
33032,47.15
61056,36.25
24077,33.31
27028,36.82
96043,32.9
16164,34.65
87035,38.09
6129,46.97
67034,44.96
61059,44.31
18112,30.99
19074,33.36
103054,23.76
60053,32.95
63054,28.14
29036,27.64
1193,35.01
24078,31.27
4169,28.19
66072,46.64
80059,26.19
30075,27.05
71040,31.36
57055,38.39
69067,33.92
72034,34.65
29037,33.85
82058,29.13
63056,41.79
8044,33.88
95042,24.37
62053,43.38
16168,30.43
30076,30.62
61061,38.49
16169,38.48
17150,26.07
51031,40.18
93032,40.73
29039,21.39
29052,27.03
96048,23.4
2102,27.54
24081,41.8
94038,44.94
17151,30.97
4173,25.85
1204,22.73
6139,31.09
4174,26.14
40032,32.83
30083,37.47
17153,27.13
75062,31.9
36033,31.92
4177,28.57
17157,23.12
16177,23.86
90060,31.6
6142,32.28
9052,36.03
20047,30.05
52024,25.27
87058,45.41
12116,51.03
16179,30.09
84031,31.26
84032,35.98
61067,40.51
21072,32.23
30092,22.47
13195,28.62
61068,39.19
102030,44.26
57059,53.09
58082,50.14
49016,40.22
69072,35.33
70059,46.17
25043,33.16
1217,35.73
30096,30.14
4184,32.35
1220,37.05
4186,27.78
4188,21.17
101019,35.67
64079,34.89
58089,31.02
53020,26.53
82061,25.88
5094,26.37
70060,29.21
5095,28.3
15185,50.7
17164,34.51
58090,32.88
1222,42.15
26069,33.32
22156,31.66
96054,38.33
80069,32.5
67037,44.69
6149,44.37
16186,26.79
1227,23.91
17166,30.49
1229,39.22
17167,23.33
20054,30.58
93037,42.5
7060,37.08
7063,39.09
81017,35.84
17169,31.53
65115,40.44
2128,29.88
75066,31.69
95045,26.52
13204,20.32
20055,29.71
1236,35.3
23069,35.91
21077,32.64
36036,36.76
82063,27.85
78114,35.65
27033,41.71
98047,40.41
1240,36.89
2131,25.97
20056,28.03
60063,45.0
62058,56.18
73024,40.39
6153,43.21
60064,35.66
23071,34.1
37054,49.57
21080,22.08
41054,32.41
56047,35.28
61077,32.07
78123,36.91
1247,35.47
19091,29.06
82065,21.78
77026,25.6
102035,37.04
62067,52.57
96060,51.67
42042,37.67
79114,33.36
79115,32.03
37055,38.99
78127,46.09
36039,35.53
1252,38.82
79116,31.44
61085,39.57
49018,39.29
63075,45.16
30106,35.87
58100,40.0
75067,35.92
4208,29.22
82066,34.19
62069,39.01
10054,43.33
61083,48.25
63090,34.09
101022,33.64
83089,51.9
83084,45.2
6156,38.48
62071,49.27
64090,41.8
104021,20.96
99018,39.3
70074,33.31
80082,38.2
8056,34.1
80083,38.67
4214,27.66
65134,48.51
24097,30.46
18146,27.91
65136,33.86
42044,36.07
4215,37.7
40045,34.31
68039,37.29
65138,32.72
53024,36.75
48042,36.47
63077,46.67
2134,27.89
8057,37.68
43050,26.91
58102,46.26
79126,27.04
25054,25.8
15206,33.43
13212,37.15
90067,24.49
42046,35.76
102037,37.76
65139,31.08
6160,32.4
106019,28.38
11028,27.39
12120,43.02
15210,38.07
106020,25.4
6161,33.21
90068,30.55
46029,30.94
83095,34.03
95061,16.08
97075,31.02
23081,37.16
40046,31.09
13215,32.16
36044,34.77
6164,34.85
59029,26.41
22176,32.91
23084,26.36
95063,24.93
89019,35.44
79138,45.16
52034,46.39
22178,26.75
6165,28.44
93044,39.74
14062,28.12
42049,29.9
13218,19.1
29045,32.04
80092,32.02
1268,33.03
30111,23.3
4224,34.07
97078,32.14
17182,35.24
8059,33.39
6169,37.08
51038,34.31
78145,29.86
26084,28.23
48045,37.12
79146,38.81
65146,33.65
17184,33.11
28089,40.05
16213,33.17
95065,26.24
23085,27.2
22196,31.55
9060,24.44
6173,33.14
5108,35.65
76089,43.93
9061,37.05
96068,30.99
70079,27.86
1272,44.42
34040,25.1
16214,41.2
1274,35.93
79148,24.82
64110,36.05
62076,39.2
23086,40.45
99019,34.68
30123,26.07
14068,35.88
76091,43.5
1277,30.17
12128,41.02
63091,47.12
76092,35.11
17189,27.7
52036,35.95
16218,32.63
4231,25.53
15222,46.25
72046,42.05
96070,26.66
76093,34.71
2150,29.79
15224,36.46
54055,36.59
77029,37.13
16221,21.26
16222,27.87
105021,34.26
43056,39.07
48046,49.68
100006,34.97
14074,21.16
16224,35.6
4233,28.41
72048,46.11
5112,32.71
21109,22.67
96073,24.68
102045,33.81
58109,42.34
54058,35.1
16227,35.56
1288,31.73
65155,31.16
15230,40.29
3154,29.98
69099,50.3
1290,30.92
75092,29.63
94052,50.45
4237,25.18
76095,41.04
82077,26.22
16232,26.23
15235,44.87
33044,29.69
99020,38.16
22214,27.82
23093,22.7
35043,37.7
16235,22.14
60086,46.79
24116,46.31
90082,23.58
16236,23.88
18177,37.45
16237,16.9
1299,27.01
74020,27.84
16240,32.53
28102,30.79
80096,55.43
5119,32.6
21113,29.34
23096,39.27
1300,26.91
18179,33.18
29050,29.87
95071,25.35
1306,24.25
1302,52.04
92102,32.92
95072,24.85
16243,30.61
17202,27.22
1310,34.26
61100,45.62
58113,27.33
25066,33.2
6189,40.0
6190,40.42
102048,37.72
58114,39.97
13246,37.64
95075,24.69
26095,35.7
24121,25.62
22227,31.85
109002,40.88
108012,41.87
108052,40.51
108020,34.66
108026,50.6
107010,21.08
109012,28.47
109020,37.11
107011,27.96
109030,42.7
109034,34.57
108039,42.83
108042,38.48
108044,45.9
110001,27.59
109003,30.05
108007,45.17
108011,35.7
110004,32.92
109011,28.35
109013,33.45
109025,34.96
109026,33.59
109019,31.25
108034,37.84
109029,34.61
108002,39.54
108005,41.38
108014,47.18
108017,39.57
108022,49.43
108029,38.1
108031,32.68
109021,27.01
108033,51.57
107013,23.12
107015,18.55
109038,36.96
109040,24.62
108045,36.97
107023,24.23
108049,45.99
107019,25.18
109039,34.12
107021,23.17
109001,43.38
108004,46.04
108010,40.94
108013,42.89
108019,35.68
108024,37.21
108025,34.04
109024,27.69
109014,44.27
109028,33.72
109031,36.84
109033,49.29
109036,35.27
107020,32.43
110009,37.12
107022,25.42
108050,46.93
110002,35.16
108009,46.07
108016,46.6
108021,42.29
109006,43.56
110005,33.5
110006,29.69
109017,34.86
109027,33.52
107012,23.6
107016,34.94
110007,29.53
110008,39.2
110010,28.93
108047,30.92
108006,40.85
108008,42.23
109004,35.53
108053,33.54
109005,32.94
108027,29.53
109010,31.25
109016,32.15
109018,28.52
109022,35.68
109035,31.88
108038,41.91
108043,40.52
108046,55.46
108001,45.09
108018,37.25
108023,40.26
109008,36.9
109009,36.84
108028,43.64
108030,37.69
108036,43.55
109032,34.7
108037,38.17
108055,41.99
107018,22.54
108040,38.18
47001,33.95
77001,26.38
60001,24.9
20001,25.9
44001,30.44
87006,26.15
23001,37.31
28002,25.07
25001,39.78
65002,53.08
1002,33.33
22001,36.04
15005,39.06
2003,34.62
4004,30.45
28003,45.07
9003,52.58
78007,27.03
66003,52.15
16248,25.83
25003,30.08
6006,30.93
64002,42.29
78008,36.33
82005,38.12
79003,29.43
22004,35.38
22005,37.01
75005,37.49
90004,38.7
27001,28.67
58006,39.22
103002,26.15
62004,41.34
14004,39.86
5004,35.42
26002,33.11
24006,39.93
16012,22.43
15009,57.88
69004,30.82
56002,33.08
13012,35.51
29003,36.43
12005,32.84
105001,30.55
65009,42.79
54001,45.61
95009,22.33
60011,45.44
8005,27.65
21005,21.23
22007,30.68
7008,37.46
17008,34.44
51003,31.73
39002,37.79
64009,39.24
17009,28.45
17010,22.1
9008,33.07
2009,19.1
63007,43.43
42004,35.9
16019,22.78
9009,27.33
95012,25.19
13015,29.28
92005,25.68
97006,38.16
17013,31.17
6013,30.06
105003,28.24
22011,28.76
4016,32.59
99001,41.09
65158,39.27
4018,26.21
14006,20.33
4020,28.39
29006,29.74
15019,34.02
12011,29.33
12013,37.58
54004,40.33
51004,40.08
95014,14.73
91008,36.38
78017,36.45
72012,47.04
33005,38.09
22018,32.02
15027,38.36
43005,34.53
24013,34.11
38003,33.3
19006,45.74
34005,18.41
8009,25.84
40004,31.62
48004,38.02
34006,38.31
57007,34.29
18019,38.28
29007,32.09
63008,34.63
17024,21.77
28014,32.02
1034,32.95
12018,36.93
23014,35.79
21011,40.71
16040,34.41
3027,33.24
1036,28.25
93007,34.56
7012,36.32
89003,38.61
13034,32.69
52003,35.68
4034,29.8
34007,33.05
82014,25.54
22029,32.34
13038,28.39
17031,31.97
81003,33.81
77004,28.93
22034,42.45
9016,35.79
24019,29.0
19009,22.6
6026,31.08
15044,41.45
42006,41.04
30015,33.79
10007,58.8
75011,40.2
13040,46.87
21016,24.82
70008,43.85
82018,32.15
70010,39.9
46006,34.81
63013,38.4
61012,37.38
18027,30.18
56012,29.17
54006,39.0
75012,30.29
94005,38.65
1054,35.73
19012,38.74
66021,31.6
56013,43.99
68006,35.48
56014,42.66
16051,33.47
96013,24.86
61015,48.76
13044,45.8
56016,37.19
12032,38.57
63016,31.99
80023,22.96
61017,35.11
89006,45.08
83011,31.43
94007,44.25
17039,28.31
45003,44.56
6035,30.98
22043,30.09
6037,35.58
3037,31.66
50006,42.69
3039,34.06
19021,38.27
63017,36.33
28028,31.61
9019,30.91
57011,35.13
16058,31.08
1061,46.23
98011,30.41
45004,35.51
18034,33.54
64021,35.07
16061,17.71
6043,32.46
1065,32.76
24027,28.74
66026,37.95
87013,21.92
57013,32.3
54008,40.94
65035,35.02
42008,41.58
65030,29.72
4047,22.64
24028,28.87
66029,20.83
6046,39.56
53005,30.79
5026,36.6
16062,27.79
4052,26.13
22048,29.02
76023,32.47
29012,40.27
98013,31.13
23022,35.74
36007,42.88
42012,36.62
76025,33.65
94013,33.63
33014,35.89
65036,33.99
87014,30.01
69020,27.97
17044,19.97
75019,35.43
83016,33.89
86006,30.7
62021,38.57
4058,25.42
22051,36.77
16066,32.12
20018,25.0
16067,27.21
71018,27.92
78035,48.41
2038,32.31
16069,33.98
22056,34.23
3049,34.18
1071,26.57
20019,27.02
18044,23.5
71020,31.57
6058,42.27
6059,33.33
28030,32.3
4065,28.88
98018,34.63
15076,38.66
25011,29.44
7014,33.79
7019,35.68
24029,23.9
94015,38.59
1078,40.73
93013,34.24
14020,33.73
30025,29.13
10016,29.81
19030,31.5
63028,46.48
19031,26.69
14021,23.03
13068,32.18
9025,38.51
54013,43.15
57017,25.64
22061,42.61
68013,29.71
67017,31.75
1087,54.19
16077,34.65
5042,33.66
10017,39.71
16078,17.21
60029,36.67
34009,42.47
58034,51.11
57021,32.44
106003,26.4
67019,35.43
15082,41.24
22228,35.99
13075,46.89
94018,23.23
83018,28.54
6060,38.92
64029,36.67
65047,38.31
93017,41.49
42015,33.98
15086,39.27
15087,41.12
13077,26.02
5044,33.33
4073,33.17
5048,36.09
68016,22.98
9026,35.84
18058,28.52
23030,41.1
57026,28.46
97027,22.08
13083,19.93
24037,21.47
4077,27.45
78046,34.87
101010,48.22
95019,31.59
4078,43.94
96023,21.59
28036,31.88
62026,29.97
22071,33.93
102007,32.59
80031,43.9
22074,36.99
2054,35.49
102008,22.52
21028,32.76
78050,32.62
92018,23.5
7023,31.98
40011,32.24
22078,33.26
24038,32.98
62028,32.08
21029,34.68
4084,36.0
13095,39.3
92110,19.45
90028,27.41
1100,30.53
71023,32.03
78051,39.28
103030,7.24
93020,35.28
57027,43.69
31005,41.94
10023,28.33
13100,34.95
89008,27.46
77008,42.78
43017,35.87
55013,39.66
78053,48.57
45006,39.85
94019,40.03
48017,52.78
36014,35.08
17072,33.27
107006,25.79
31006,36.53
59007,38.7
93022,37.67
58122,43.72
34016,34.46
62032,37.16
58038,56.95
2059,25.8
21032,30.35
66044,48.59
4089,35.35
69034,18.08
83025,34.58
29023,26.09
36016,29.26
63032,38.86
1109,28.91
1110,35.67
106004,26.19
19045,28.72
91025,20.57
29025,28.95
83030,33.42
46015,28.61
60040,39.18
61039,33.46
18068,31.6
82036,34.52
17076,33.36
13106,10.17
40016,34.26
20024,29.13
33022,46.26
106005,23.49
80036,33.61
92113,19.74
64036,46.72
16113,23.33
90030,30.17
96027,20.54
7030,41.74
83033,47.65
79059,41.68
18072,34.78
79060,36.47
20026,29.05
20027,32.44
15108,47.59
25025,24.29
3076,29.19
98028,33.56
83034,33.97
77011,38.91
57031,44.37
7032,51.21
13113,27.41
6085,39.46
1118,26.44
77012,27.74
16120,30.5
24047,31.36
98029,33.88
78061,43.53
70029,40.92
103036,11.95
17082,29.19
48023,39.6
103037,14.13
91033,21.82
63037,49.25
94023,55.01
16121,27.49
1123,29.58
83036,39.55
1125,46.15
12085,35.28
4105,37.79
21117,26.67
21038,37.32
78064,22.72
2067,21.51
34018,36.52
21042,25.55
48024,33.45
21043,19.51
65062,35.08
12088,38.09
1130,34.44
89011,35.33
4106,22.99
11017,40.27
1133,29.27
30050,14.4
28045,41.42
63040,44.76
49009,44.62
105011,25.52
98031,48.76
94024,29.07
40018,34.59
42022,42.21
10030,23.23
70033,23.59
55016,31.94
64045,46.41
16129,30.45
12094,39.67
1142,27.27
103040,22.32
3088,32.69
30052,36.27
78071,31.0
23045,36.29
87022,27.18
9036,26.39
53014,34.33
97046,40.67
26037,32.78
58054,55.09
63041,40.39
20031,27.87
17104,25.36
5062,35.47
31010,37.43
82046,32.81
95025,26.43
76046,48.11
79073,25.69
73014,34.49
78078,47.95
38012,35.28
45010,41.87
46018,33.42
22112,26.0
43024,40.7
87056,23.12
91047,25.41
28052,29.41
40019,33.72
76048,47.69
75045,30.69
18089,30.03
65067,41.31
42024,34.93
13147,30.44
18090,27.63
34021,28.68
3098,33.12
38015,27.66
61051,34.62
23048,30.2
46019,27.44
83051,34.27
76049,32.9
36023,48.36
95029,28.27
65069,44.63
76050,43.32
24059,30.47
5065,31.12
5068,32.06
4128,33.85
99006,36.48
10037,39.9
26045,31.38
17110,23.31
42025,48.08
83056,38.08
77016,40.83
4135,25.17
1161,30.27
94028,39.51
63047,38.57
58064,61.45
60044,37.5
69009,19.32
41030,30.87
35027,41.31
34023,40.67
65072,46.32
41034,31.23
44036,32.31
44038,27.39
5076,34.05
58062,43.35
4137,32.89
5077,32.9
100003,27.3
94029,37.35
44045,35.66
11019,43.77
53027,25.23
48030,37.84
97053,47.4
4141,27.46
5121,30.98
10039,29.59
18100,36.53
6109,23.83
6110,34.48
22123,36.59
66057,31.92
67029,33.25
6112,34.31
19060,30.04
26049,36.88
15151,35.31
64065,45.94
92039,38.32
52019,41.29
21055,38.51
75052,37.11
58069,39.49
4148,34.05
56039,41.65
17118,36.15
87031,48.44
1165,19.48
79087,35.19
76055,32.4
1168,32.31
59016,32.95
14046,28.94
4152,32.16
6114,39.71
92115,29.15
7045,34.27
17121,23.22
17122,28.11
65081,41.93
97059,28.93
65083,35.18
16146,22.53
103050,33.18
16148,19.89
91061,27.58
50023,32.18
98042,31.56
26052,31.95
65085,33.1
56042,49.16
66063,26.82
104018,27.51
105013,22.84
30066,33.41
15164,33.35
20038,37.72
1175,45.71
91071,26.63
6123,33.2
26054,35.63
90053,19.87
4158,35.07
17132,26.01
87032,25.34
17133,32.69
82053,44.28
95039,30.04
58075,40.74
22133,19.61
81014,36.56
29034,24.9
34027,50.55
55025,37.33
16159,14.11
76100,33.56
90055,30.58
1181,37.63
1182,33.88
87034,51.16
48032,35.1
22137,30.8
25037,30.55
97066,35.58
41043,35.72
19068,40.34
1187,31.02
23059,38.62
94032,34.92
60049,38.5
43036,32.19
3116,39.43
19071,29.44
9048,32.19
41047,31.97
79096,43.33
4166,28.21
60051,36.93
60052,44.07
18111,36.13
54041,35.05
76061,23.9
18113,27.16
26057,35.62
46025,35.89
60054,40.31
2096,36.94
22143,42.14
15175,35.9
5086,30.37
58077,31.15
20041,26.98
79099,30.47
9050,34.61
60055,29.01
38018,35.04
94037,24.05
24079,29.15
58078,30.67
55027,28.18
17145,39.1
77022,28.52
96047,31.49
7050,25.29
17148,36.3
29038,42.71
50029,43.84
59017,29.94
7052,35.84
6136,27.3
18118,36.6
80062,29.63
70055,35.0
89020,27.49
65100,41.04
23060,33.64
19077,33.8
15178,36.63
78101,47.2
96049,28.11
61063,31.37
30081,30.01
21068,21.66
8047,32.02
40033,27.04
17154,19.75
4175,34.77
13192,41.63
70056,29.09
30086,27.19
96051,28.88
47017,31.19
64077,40.05
24083,37.38
75063,33.44
22151,35.97
13194,24.01
2110,40.62
30088,25.4
103060,23.17
5089,34.89
35033,45.96
85014,26.53
26067,33.64
10048,21.07
70057,35.26
26068,32.32
99014,46.6
58083,37.98
76066,46.57
43045,34.52
16180,33.77
20050,31.48
76068,38.32
1219,38.86
18123,30.78
5092,28.29
66081,52.63
6147,36.81
58088,47.33
66079,33.17
6146,23.81
69073,30.53
65108,45.39
60060,43.9
83074,27.38
6148,31.35
71043,32.95
97072,34.05
16182,32.87
90061,24.44
31015,38.19
22157,25.0
1224,19.86
16185,30.41
15188,37.23
69078,29.54
24088,31.66
44065,32.01
33039,41.49
23067,25.07
16187,33.72
75064,28.27
18132,29.61
65112,37.07
92119,25.59
7058,42.94
65114,42.08
2126,34.15
6151,30.59
75065,33.26
4202,23.75
65117,26.65
106013,25.53
4204,26.09
92054,23.33
44066,47.56
1237,41.17
58119,41.06
10053,30.8
41051,34.26
13205,34.85
70064,27.23
106014,34.97
1242,27.07
28075,35.08
37052,40.7
30101,30.82
84036,34.28
50031,48.52
48039,32.98
62061,46.64
21081,30.29
62064,37.94
5099,38.45
35037,37.68
64083,44.08
87043,31.35
24093,32.74
25046,31.75
76020,34.93
87044,44.58
78126,27.71
28079,33.56
70071,41.62
62068,46.97
1254,39.14
104023,37.21
26076,35.57
60070,38.59
18145,31.3
18138,32.56
16191,13.44
80078,33.75
82067,37.45
50034,36.37
78132,38.98
97074,39.22
103062,32.22
87048,38.26
80079,38.14
80080,33.21
60065,42.59
64089,46.41
43048,31.97
18144,31.45
61087,33.39
28083,36.76
72041,34.84
10056,27.12
78134,48.31
102036,44.58
95049,27.66
83092,36.16
17174,29.37
65135,35.5
9055,30.76
41059,35.04
76083,38.24
10057,35.19
76084,32.21
101024,28.64
57064,37.2
16194,39.06
13211,22.77
82068,24.3
66095,57.98
22171,33.16
98052,34.88
15205,57.2
54048,32.55
18148,26.13
21118,24.92
95054,17.62
25055,30.06
17178,20.58
41061,27.92
106018,27.64
63078,39.52
60071,36.45
5105,27.76
10059,41.0
5106,32.35
1266,29.33
65142,44.38
80088,44.23
6162,34.88
102038,35.4
95060,26.65
97076,43.89
21094,22.28
39018,34.09
12122,32.85
75076,40.4
63079,40.49
18151,37.21
53026,30.06
98055,39.44
102039,32.05
25056,28.8
79137,61.42
1267,24.37
59030,42.02
78144,46.99
44071,40.17
54051,43.29
80090,28.86
6167,37.55
65144,36.04
90089,41.57
27039,36.13
55031,42.14
64104,42.75
97077,24.81
75082,34.56
85020,34.51
12125,44.8
105016,20.86
83097,49.32
22187,35.24
30118,48.46
41065,34.32
27040,34.94
22189,28.32
34038,31.76
83106,41.42
98057,33.33
28090,31.53
6171,49.2
92084,24.59
91091,21.8
79147,33.95
34039,28.26
54052,43.4
91093,35.77
78148,41.57
72044,36.59
66101,42.33
65148,32.72
97080,27.04
63084,37.75
30122,30.57
83098,41.22
18160,35.7
18161,40.5
58106,45.58
82073,31.33
93045,19.88
14069,27.47
34042,42.88
78150,51.81
97081,18.29
65152,33.86
30126,37.78
60080,36.34
6175,43.46
77028,38.78
105019,19.52
104026,33.35
21102,31.29
103068,28.75
75089,35.63
98058,31.69
31024,40.06
95068,20.2
17192,22.89
95070,21.84
1281,25.32
47021,40.18
1283,32.52
18166,28.13
96071,34.88
14072,30.94
56053,41.87
97082,31.12
22210,29.16
96074,24.35
90079,26.73
58108,22.58
4235,20.35
13232,30.24
54059,40.11
87052,52.99
15229,44.94
97084,42.37
21111,36.06
26088,30.85
16230,16.92
13236,19.64
9066,29.91
27042,43.54
14075,22.87
97087,40.41
40050,26.96
1293,31.15
7073,29.72
101027,32.68
3158,29.61
97089,34.13
5114,30.09
102047,54.93
3159,29.78
26090,30.22
103073,28.67
6179,36.09
6180,41.52
28100,38.25
18178,27.27
15248,32.39
13245,39.26
20067,32.45
60090,25.66
17200,25.39
4244,26.16
85022,27.94
106026,23.84
28104,30.93
4246,20.75
106028,18.22
1304,35.43
92100,28.7
20068,23.38
4248,26.04
3164,31.17
18181,32.6
93049,28.81
87054,34.71
10066,21.9
103077,29.54
50039,42.93
1315,34.06
18184,32.9
15246,44.44
18188,26.94
23098,28.06
16246,28.14
30136,29.51
108003,43.13
110003,34.36
108051,38.6
108015,41.79
109007,29.73
108054,33.42
108032,35.07
109023,29.44
109015,35.62
108035,38.78
107014,19.32
107017,26.8
109037,32.58
108041,40.82
108048,37.29
